Datum,Lufthansa_Kurs_return_5d,Ryanair_Kurs_return_5d,EasyJet_Kurs_return_5d,Air France-KLM_Kurs_return_5d,Booking_Kurs_return_5d,Expedia_Kurs_return_5d,Airbnb_Kurs_return_5d,Marriott_Hotels_Kurs_return_5d,Hilton_Hotels_Kurs_return_5d
2023-01-10,1.3282905130681883,4.781105772942271,3.7288789861692995,1.54303035128135,2.311860201814831,1.2630342126092433,0.7267114593710103,0.9617787552380613,1.073578483105389
2023-01-11,0.693878049729309,1.7397162536387105,2.051367381798386,0.6925360606189456,1.2418529054407879,1.4644623757012958,1.1456637391000857,1.6396887185088505,1.6872477074351264
2023-01-12,0.6642556779002562,1.991433381660038,2.1830560947018998,0.7710432259108598,1.1837904940096384,1.7764086459765982,2.278386569478696,2.194342324821314,2.1683340746565873
2023-01-13,1.343101698982715,1.3956258676279054,3.1028511048279803,1.8720127582188948,1.2916206866674875,2.116875718105643,2.4917418971185032,1.5521118333016193,1.660731136013471
2023-01-16,1.1653674680083983,1.095412779162102,2.6470055601619715,2.227164220253745,0.9073028205279736,2.1899602728558563,2.3132992594561195,1.7402399570801157,2.0205988910216504
2023-01-17,1.3332275750396974,0.9106662631831464,2.1202507085479163,2.5729695911824146,1.1506119731918385,2.0901374663677594,2.6837616919943295,1.4320990646843026,1.7024000339617866
2023-01-18,2.52552804115907,0.6820424496591885,2.3471604907816634,2.83092170571299,0.6335800237811255,0.6801403247233924,1.2639789662457965,0.043843254732638615,-0.24088584308238206
2023-01-19,2.3601364651135253,0.10932825012442539,0.7527140745498897,1.903789467979908,0.4621576662224934,0.5411014156864005,0.014880502609109378,-0.014541335405515448,-0.25225008797737714
2023-01-20,2.3502623411705077,0.1878455194154816,0.7648699557409833,1.346762438051564,0.260321664580878,0.7229215275040052,0.071128725350513,0.8028429265286418,0.24020052413907883
2023-01-23,2.2663322876548584,0.4580372990347045,0.2563489259135688,1.0289953404414351,0.9487759715502235,1.4680274759330134,0.8314495293032792,1.2277529992007634,0.596280197515593
2023-01-24,2.426786801728894,0.13934955897100573,1.3767159756926932,1.0869411052997526,0.5533985984714428,1.2897724643471262,0.441591157888723,1.516432361550525,0.8576578301004812
2023-01-25,1.0172556088631348,1.1161967622097346,3.248721679121104,0.7000129335038897,0.8796540531798073,2.0045750608065336,0.5327520706075496,2.320842270120648,1.9107445237033642
2023-01-26,1.0345353257634156,0.6058345118178692,3.5505927286999275,0.7990814992294005,1.1257280825784888,1.4555496251220013,1.91374291860339,2.5024832172171276,2.2554599521848835
2023-01-27,0.4914585088974486,0.4095413385902286,2.4606153818985366,0.1766318315577949,1.1616714801311052,0.628446371363485,2.701218036983041,1.2180222341777376,1.3690488503752625
2023-01-30,0.17054948074937726,-0.8374976442677233,2.077705124379089,-0.6476934040073044,0.14972659518821207,-0.17904883112058353,0.6801612060677797,0.19304831841903242,0.5243066465139571
2023-01-31,0.1853606666639036,-1.202372013326161,0.9208704310266842,-0.9934987749359742,0.10825344416596239,-0.2877843881879747,1.194153586290951,0.6439070978192223,1.0432738300520685
2023-02-01,0.17795507370664043,-0.9691295369027294,-1.3137857279360179,-0.9897603384935021,0.37921136417799384,0.07050818509965841,1.667414494873795,0.34549697044643474,1.092518891263714
2023-02-02,0.4618361370683958,-0.24399946168532768,-0.7991867575130565,-0.41777956279526984,0.011482758447379688,0.5678396674242835,1.5083677960877573,0.06979196146070712,0.5280947281456223
2023-02-03,0.41246551735330794,-0.3040420793784883,-0.5540431534926694,-0.2757189779813299,-0.3617756007528678,0.23450279575867455,0.35624902683280024,-0.2059130475250205,0.28565750371905935
2023-02-06,0.4272767032678343,0.7189917528549796,-0.26432798510493927,0.5336525118138811,0.11654807437041234,0.38958465583839635,1.4656967305597959,-0.014541335405515448,0.6114325240422532
2023-02-07,-0.10839452064086938,1.4302658393739596,-0.4365363019787649,0.4345839460883702,0.3460328433601942,0.767485280400477,1.3919921628296807,0.0049201946405358936,0.5432470546722825
2023-02-08,0.03478027653288551,1.02151417277052,-0.21165249994353377,0.3392538168053315,-0.4889599305544336,0.03663973289833987,0.2980612102037621,-0.47513087982873103,-0.29391898592569266
2023-02-09,-0.39721264597413364,0.044666969531790834,-0.6553421634184492,0.10186310270835279,-0.46684091667590044,-0.7013360150672328,-0.6911316724898878,-0.4589129381236882,0.6871941566755542
2023-02-10,-1.2019537473300663,-0.4472206292621791,-1.433318559648438,-0.49254829164471203,-1.459431664475077,-1.8136472873631684,-1.7113580573856912,-0.7930025372475699,-0.17648845534407626
2023-02-13,-0.681093709335889,-0.20243149559006257,-1.1294215298710986,-0.599093730255167,-0.7820368644449982,-1.3074030544592492,-0.42152812210867735,0.16061243500894679,0.4485450138806563
2023-02-14,0.00022084273232398068,-0.21397815283874733,0.0740107080471652,0.03644046496509096,-0.4364272725929173,-0.9312849800130273,0.08664547645158986,0.8547403399847788,0.5470351363039474
2023-02-15,-0.044212715011255135,-0.4402926349129682,0.740558193358796,1.0009570671228942,0.7856482441960412,-0.630034010432878,3.337404832127192,1.0007018153301637,1.1417639524753598
2023-02-16,-0.12814276852690457,-0.3548473712727011,0.5582199754923924,1.1598406159279586,0.39027087111726044,-1.088149390208608,4.025960662237478,-0.059951572179635294,-0.9000120469921
2023-02-17,0.8962975905611694,0.13704022752126876,1.7332884906314376,2.7692375044122004,1.0814900548214224,0.06694308486794066,3.944497718956824,-0.008054158723498323,-0.47953498587728
2023-02-20,0.0915564892052366,-0.13315155209795415,0.8074155399098107,1.9206124319710325,0.1884348694756452,-0.5355588542923577,2.4238561110512915,-0.5691949417179792,-0.9454690265720807
2023-02-21,0.11871033004853493,-1.0268628231461532,-0.3879127772143906,1.4888230228655042,-0.7654476040360985,-1.225405749129741,1.1631200840887972,-2.119630168720071,-2.0932577609665897
2023-02-22,-0.28366022062943147,-1.3062919285643237,-1.20235681701766,0.6252442046544476,-1.2437712791593785,-1.3804876092094627,-1.4921839480829806,-2.022322518489814,-2.460701679238099
2023-02-23,0.17301801173513165,-0.38025001721980756,-0.5763289356763409,1.2177863807862763,-0.9949323730258801,-0.8902863273482732,-2.0391494243959403,-0.8611178924087496,-1.0060783326787213
2023-02-24,-0.1454224854271853,-0.9160149135587795,-1.287447985355315,-0.18225806691952726,-0.3645404774876844,-0.9134594788544385,-1.4049022231394233,-0.5627077650359622,-0.6689390674605323
2023-02-27,0.6593186159287474,-0.5834711847966589,-0.1022495692236916,0.6121596771057952,0.40686013152616035,-0.49990785197518034,-1.2943453715442506,-0.6989384753583215,-0.5515085368789159
2023-02-28,0.4297452342535887,0.0769976098281081,0.069958747650134,0.8869347556274949,0.8658296695057238,0.00277128069702131,-0.9335809084442136,-0.42323346637259407,-0.11587914923743552
2023-03-01,1.049346511677942,0.8298396624423532,0.6838307478003595,1.245824654104817,1.1754958638051882,-0.45177899884699085,-1.0790504500168092,-0.36809246457544853,0.19095546292743318
2023-03-02,0.4371508272108519,0.36566404104522665,-0.2926917078841576,-0.07010497364536405,1.4685727976957532,-0.3412608916637408,-0.5902727903328882,-0.41998987803158544,-0.02117710844580937
2023-03-03,1.8368078961335939,1.5318764231623854,1.0788968865109005,0.7878661899019843,1.6372302785195685,0.4109752572287028,0.3601282146080695,0.29684314533130635,0.5015781567239669
2023-03-06,3.0142971763384403,1.1600740597547365,0.8864287676519191,1.0346029951051432,0.7552346001130581,0.1328974391547189,0.3349134940688196,0.8287916332567102,0.6606775852538989
2023-03-07,2.6489545904467895,0.7882716963470882,1.3179625499357408,0.853288827645246,0.3460328433601942,-0.39117229490778926,0.4706850662032422,0.6049840377271196,0.38414762614235054
2023-03-08,2.5995839707317017,0.33102406929917244,0.7972856389172328,0.6495440415305164,0.07507492334816258,0.02772698231904551,0.5637855728097033,0.5401122709069484,0.23641244250741378
2023-03-09,2.2169616679397706,-0.6850817685850846,1.0343253221435573,0.6981437152826536,-1.0336406473133133,-0.9918916839522288,-0.5088098470522348,-0.8254384206576556,-1.2485155571052842
2023-03-10,0.5507032525555541,-1.6550009774746028,-0.17113289597322187,-0.2383346135566088,-1.7331544612219252,-1.6959989797164827,-1.2516743060162894,-1.824463629688292,-2.070529271176599
2023-03-13,-2.184429079660316,-1.7081156008185527,-1.4009028764721883,-1.5935178239527472,-2.103647943687356,-2.3769331239745717,-1.6977809001722495,-2.9207964889491858,-3.0970993933578264
2023-03-14,-1.4660865628057864,-1.2393213165219523,-0.7221995099694638,-1.41220365649285,-1.3626609787564945,-2.3751505738587126,-1.7210560268238646,-2.259104467383439,-2.309178413971497
2023-03-15,-2.3078556289480354,-2.1145579359722553,-1.8770082231233531,-2.924401197472817,-2.045585532256206,-2.728095496798769,-1.8781631317222678,-3.0505400225895283,-3.2486226586244284
2023-03-16,-1.7326879092672611,-1.126164075484842,-1.0990318268933645,-2.2066214005181726,-0.9783431126169803,-1.155886294611245,-0.08015959788498639,-1.5001047955874363,-1.3507937611602405
2023-03-17,-2.4510304261217906,-0.8421163071671972,-1.8405405795500724,-2.081383779695357,-0.6990905624004988,-1.0346728867328419,-0.1305890389634862,-1.360630496924068,-1.3470056795285754
2023-03-20,-0.5601356910339237,-0.39641533736796625,-0.6756019654036052,-1.0121909571483347,0.36538698050391066,-0.23430788471220856,0.30194039797903127,0.27413802694424644,-0.1310314757640957
2023-03-21,-0.6119748417347659,0.12780290172232098,-1.0686421239156305,-0.7093776053080942,0.8105321348093909,0.3503685532895012,1.1165698307855665,0.786624984823599,0.22126011598075357
2023-03-22,0.00022084273232398068,1.0261328356699937,0.5197263517205961,0.7766508805745679,1.3745669887119871,0.21845984471594476,1.1902743985156816,0.7736506314595648,0.23641244250741378
2023-03-23,-0.2491007868288699,0.8552423083894595,-0.5418872723015759,-0.0570204460967117,0.8630647927709073,-0.615773609506007,-0.05494487734573649,-0.45566934978267964,-0.9947140877837262
2023-03-24,-0.3231567164015018,0.39106668699233305,0.17530971797294495,-0.30749568774234276,0.40686013152616035,-0.7013360150672328,-0.3070920827382355,-0.6762333569712617,-1.574290577428478
2023-03-27,-0.5601356910339237,0.25481613145785315,0.09629649023083674,-0.28880350552998224,-0.09634743421046958,-0.8742433763055433,-0.1848976678172552,-1.5098355606104616,-1.8394562916450314
2023-03-28,-1.1723313755010136,-0.3433007140240164,-0.3372632722515007,-0.7430235332903431,-0.5387277117811332,-0.8350272737566482,-1.2148220221512318,-1.921771279918549,-2.5137348220814095
2023-03-29,-0.537918912162134,0.0862349356270559,0.19151755956106972,-0.21216555845930407,-0.11017181788455281,0.11150683776441245,-0.4855347204006194,-0.43945140807763683,-0.744700700093833
2023-03-30,0.30878721595162334,0.12087490737311012,0.9046625894385595,0.5299140753714089,0.5174552009188262,0.5179282641802351,0.21465867303547392,0.31954826371836625,0.23262436087574873
2023-03-31,2.3922273679283323,1.1231247565589455,2.102016886761276,1.9841658514930582,1.4353942768779533,1.12577785368811,1.1359657696619128,1.7402399570801157,2.3312215848181843
2023-04-03,1.8837099848629273,0.4742026191828632,1.4759890054199571,1.4028389846886458,1.4713376744305697,0.69974837599784,0.4784434417537805,1.406150357956234,1.816042482911738
2023-04-04,2.3477938101847533,0.31485874915101375,1.4395213618466765,1.0869411052997526,0.7552346001130581,-0.013271670345708525,0.20302110970966636,0.8774454583718385,1.5887575850118354
2023-04-05,1.3579128848972413,-0.6412044710400827,-0.031340262275645785,0.11307841203576913,0.21331876008899497,-0.8172017725980594,-0.6697961397259071,-0.13779769236384073,0.7288630546238696
2023-04-06,0.844458439860327,0.15320554766942743,-0.24812014351681452,-0.32431865173346724,-0.5304330815766833,-0.9740661827936402,-2.1031560226878825,-0.150772045727875,0.6076444424105882
2023-04-11,-0.37993292907385284,-0.13315155209795415,-0.7789269555279005,-1.1766821606171074,-1.1525303469104293,-1.114887641946491,-1.6880829307340761,-0.6470410619021847,-0.03254135334080452
2023-04-12,-1.4907718726633306,-0.05463428280689792,-0.9653171337913352,-1.756139809200284,-1.4815506783536103,-1.2271882992455998,-1.5484321708243842,-0.8157076556346299,-0.5969655164588964
2023-04-13,-1.8018067768683843,0.20401083956364027,-1.0240705595482877,-1.6402482794836484,-0.3479512170787845,-0.6870756141403618,-0.8443595896130218,-0.00481057038248976,0.6606775852538989
2023-04-14,-1.5450795543499272,0.6681864609607668,-0.3636010148322034,-1.0663982855641803,0.10548856743114574,-0.04714012254702708,-0.22174995168231273,0.8806890467128473,1.0432738300520685
2023-04-17,-1.4734921557630498,-0.0684902715053196,0.4265312625888788,-0.7355466604053988,0.7303507094997082,0.17389609181947296,1.0409256691678168,1.1077402305834465,0.9485717892604423
2023-04-18,-0.8538908783386967,0.6104531747173432,0.6048175200582512,-0.210296340238068,1.1450822197222053,0.5767524180035778,0.7325302410339142,1.7110476620110386,1.1417639524753598
2023-04-19,0.6790668638147825,0.8275303309926162,0.781077797329108,1.1598406159279586,1.1450822197222053,1.0419979982427432,1.2193683068302008,2.233265384913417,2.0963605236549516
2023-04-20,0.775339572259204,-0.017684979611106752,1.001909638967308,0.9112345925035636,0.06954516987852928,0.4466262595458802,0.6530068916408953,1.3931760045922,0.9561479525237724
2023-04-21,0.6395703680427124,0.22479482261127282,0.8702209260637943,0.5467370393625334,0.1331373347793122,0.18993904286220278,0.03815562926072467,0.9909710503071383,0.7061345648338794
2023-04-24,0.41246551735330794,0.05159496388100168,-0.29674366828118875,0.23083915997364043,-0.2180020105424021,0.00277128069702131,-0.11313269397477473,0.6503942745012395,0.592492115883928
2023-04-25,-0.05161830796851831,-1.0591934634424705,-1.0038107575631314,-0.7299390057416907,-0.7875666179146316,-0.7922460709760353,-1.1934864893872512,-0.3745796412574656,-0.44544225119229447
2023-04-26,-0.7773664177803105,-1.5718650452840728,-1.0585122229230528,-1.167336069510927,-1.0723489216007462,-1.1737117957698338,-1.1430570483087512,-1.8309508063703093,-1.7220257610634149
2023-04-27,-0.6317230896208011,-0.38255934866954455,-1.1780450546354728,-0.41964878101650593,-0.47790042361516705,-0.4571266491945674,-0.621306292535042,-1.788784157937198,-1.6235356386401236
2023-04-28,0.012563497661095956,0.11163758157416233,-0.6756019654036052,0.4813144016192716,-0.26776979176910176,-0.12200722741309966,0.594819075011857,-1.1692587848045628,-1.2901844550536
2023-05-02,-0.3083455304869754,0.6704957924105037,-0.7140955891754015,0.5448678211412974,0.11931295110522899,-0.3323481410844465,0.639429734427453,0.572548154317034,-0.903800128623765
2023-05-03,-0.3675902741450809,0.571194540071815,-0.3919647376114218,0.6345902957606279,-0.24565077789056855,-0.4499964487311319,0.9904962280893171,0.822304456574693,-0.42271376140230427
2023-05-04,-0.7107160811649418,0.6289278263152387,-0.5337833515075134,0.30000023415937443,-0.1903532431942356,-0.29134948841969244,0.5676647605849725,2.0062142010428174,0.07731301397748183
2023-05-05,-0.9205412149540654,0.434943984537335,-0.2460941633182989,-0.6962930777594418,-0.9921674962910635,0.06516053475208179,0.6762820182925106,1.9672911409507148,0.4977900750923019
2023-05-08,-1.3648767923898564,0.06314162112968644,-0.5743029554778254,-1.232758707254189,-0.7377988366879319,-0.43395349768840213,0.8644226253930676,1.4223682996612768,0.13413423845245753
2023-05-09,-0.868702064253223,0.040048306632316934,-0.205574559347987,-1.3112658725461033,-1.083408428540013,-0.14874547915098274,0.9381271931231826,-0.15725922240989212,-0.3280117206106781
2023-05-10,-0.7921776036948368,0.8737169599873551,-0.1265613316058788,-0.7411543150691071,-0.25947516156465184,-0.06140052347389805,-1.030560602825944,-0.7378615354504243,-1.1310850265236678
2023-05-11,-0.11826864458388697,1.5203297659137007,0.495414589338409,-0.18973493980447145,0.30732456907276107,0.2576759472648399,-1.1663321749603666,-0.5919000601050391,-0.5136277205622654
2023-05-12,-0.07136655585455348,0.8067463479449837,-0.011080460290489825,0.5785137491235464,0.4040952547913438,-0.9312849800130273,-2.4716788613384577,-0.6794769453122703,-1.062899557153697
2023-05-15,0.02984321456137672,0.9591622236276222,0.21988128234028803,0.7972122810081645,-0.18758836645941895,-0.20043943251088997,-3.171872254774551,-0.6729897686302531,-0.8621312306754495
2023-05-16,0.0866194272337278,0.48343994498181103,0.5724018368820017,1.0121723764503106,-0.13782058523271928,-0.25748103621837387,-3.4123818968412425,-1.0265408978001864,-1.1121446183653427
2023-05-17,1.1110597863218017,1.1785487113526323,1.1741179558411337,1.771074974272148,0.27414604825496125,0.6694450240282391,-0.9374600962194829,0.04708684307364718,0.2098958710857584
2023-05-18,1.713381346845874,0.43956264743680895,1.33214441132535,2.7318531399874795,1.0372520270643562,1.2256006601762068,0.011001314833840158,0.9909710503071383,0.9902406872087578
2023-05-19,1.2098010257519776,0.18091752506627076,0.43260920318442564,2.0495884892363194,1.156141726661472,1.2790771636519729,0.2825444591026852,0.5822789193400597,0.46748542203898147
2023-05-22,1.4936820891137328,-0.25554611893401236,0.18543961896552294,2.199125946935204,0.260321664580878,0.7353993783150173,0.6549464855285299,-0.3778232295984742,-0.14997188392242095
2023-05-23,0.5038011638262205,0.924522251881568,-0.35144513364110985,1.6477065716705686,-0.3479512170787845,0.12576723869128342,0.04979319258653232,-1.1595280197815372,-1.4947408631635124
2023-05-24,-0.9526321177688724,-0.35253803982296417,-1.3603832725018765,0.20653932309757178,-0.9838728660866135,-0.5106031526703335,-0.5747560392318113,-1.847168748075352,-2.1614432303365603
2023-05-25,-1.2809467388742068,1.0861754533631542,-1.783813133991636,-0.3710491072643685,-2.081528929808823,-0.601513208579136,-1.3971438475888849,-1.8114892763242576,-1.9038536793833372
2023-05-26,-0.9131356219968021,1.3402019128342186,-0.7850048961234473,0.04952499251374333,-1.9985826277643235,-0.2040045327426077,-0.20817279446887046,-1.3411689668780167,-1.8659728630666865
2023-05-29,-1.2710726149311893,1.4371938337231704,-0.7687970545353225,-0.2663728868751496,-1.3294824579386946,-0.23965553505978518,-0.6562189825124648,-0.6697461802892446,-1.7068734345367547
2023-05-30,-0.668751054407117,-0.08003692875400435,-1.022044579349772,-0.10188168340637696,-1.3958394995742942,0.3878021057225375,0.06530994368760917,-0.2124002242070376,-0.7143960470405127
2023-05-31,-0.11333158261237818,0.17629886216679688,-0.8234985198952437,0.5448678211412974,-1.4898453085580603,0.30402225027717056,0.639429734427453,-0.2124002242070376,-0.4681707409822848
2023-06-01,-0.18245045021350123,-0.2901860906800666,-0.6249524604407153,0.42336863676095393,-0.7599178505664651,0.38245445537496087,1.331864752313008,-0.3226822278013287,-0.8810716388337748
2023-06-02,0.25694806525078107,-0.0015196594629481159,-0.17721083656876865,0.47757596517679946,0.11101832090077904,1.1275604038039688,1.9370180452550052,0.8060865148696502,1.0243334218937432
2023-06-05,-0.18738751218501004,-0.03846896265873929,-0.21975642073759616,-0.19908103091065169,0.5921068727588757,1.7995817974827635,1.5064282022001227,0.8060865148696502,0.9599360341554375
2023-06-06,-0.16763926429897485,0.07930694127784506,0.1570758961863046,0.16728574045161465,1.7035873201551681,2.5999467995033965,1.7236627176151984,2.0386500844529034,2.1039366869182814
2023-06-07,-0.03187006008248315,0.23403214841022058,0.6129214408523136,0.4383223825308424,1.2363231519711548,2.3396944825880017,1.0932947041339511,1.604009246757756,1.5433006054318548
2023-06-08,-0.017058874167956786,0.3194774120504877,0.695986628991453,0.2943925794956663,0.7994726278701244,1.4751576763964491,0.4726246600908767,1.1661248207216006,1.1644924422653498
2023-06-09,-0.2762546276721683,0.02157365503442136,0.20367344075216332,0.4364531643096063,-0.46131116320626714,1.0919094014867916,-0.13834741451402463,0.10222784487079271,-0.6045416797222265
2023-06-12,0.6272277131139403,0.040048306632316934,0.3941155794126292,1.3336779105029117,-0.934105084859914,0.5001027630216464,1.3861733811667771,0.4557789740407258,-0.24088584308238206
2023-06-13,1.0839059454785036,0.2986934290028551,0.46299890616215955,1.0850718870785168,-1.216122511811212,-0.31630519004171664,1.1514825207629895,-0.1345541040228322,-0.6121178429855565
2023-06-14,0.9678849891480468,0.04235763808205389,0.09224452983380554,0.99348019423795,-0.6161442603559995,-0.17904883112058353,1.3241063767624697,0.5465994475889654,-0.02117710844580937
2023-06-15,0.6173535891709228,-0.37332202287059674,-0.06578192565041091,0.6925360606189456,-0.002341625226703533,-0.24500318540736177,1.968051547457159,-0.5529770000129365,-0.8545550674121194
2023-06-16,0.6469759609999755,0.0030990034365257716,0.5318822329116898,0.8196428996629972,0.11378319763559569,-0.8956339776958497,1.6751728704243334,-0.7054256520403389,-0.4605945777189547
2023-06-19,0.05452852441892067,0.02157365503442136,0.4265312625888788,0.3822458358937607,0.12207782784004564,-0.9473279310557571,0.5308124767199149,-1.0460024278462376,-0.7598530266204933
2023-06-20,-0.6490028065210819,-0.4887885953574442,0.12668619320857066,0.16728574045161465,-0.018930885635603436,-0.8011588215553296,0.13513532364245504,-1.5876816807946672,-1.233363230578624
2023-06-21,-0.33796790231602813,-0.008447653812158966,0.23001118333286602,-0.028982172778170896,0.1027236906963291,-0.7940286210918941,0.2534505507881661,-1.1789895498275886,-0.9000120469921
2023-06-22,0.35568930468095683,0.38182936119338523,0.0010754209006037369,0.36355365368140025,-0.19311811992905226,-0.11487702694966419,-0.08791797343552483,-0.40701552466755125,-0.16133612881741607
2023-06-23,-0.481142699489783,-0.7797643580242996,-1.5204357081846085,-1.0850904677765407,-0.4364272725929173,-0.3341306912003053,-0.7008296419280609,-1.1270921363714517,-1.2636678836319444
2023-06-26,-0.37499586710234406,-0.9645108740032554,-1.4900460052068745,-0.954245192290017,-0.5221384513722334,-0.4410836981518376,-0.941339283994752,-1.1173613713484258,-0.9303167000454204
2023-06-27,0.5432976595982909,0.3749013668441744,-0.9713950743868822,-0.5430171836180854,0.41238988499579365,0.04198738324591649,0.11573938476610895,0.4330738556536658,0.19853162619076328
2023-06-28,0.4741787919971678,0.3194774120504877,-0.7201735297709483,-0.19721181268941565,-0.018930885635603436,0.4109752572287028,-0.08015959788498639,0.05681760809667287,-0.059057924762459815
2023-06-29,-0.007184750224939204,-0.2878767592303297,-0.4912377673386859,-0.2383346135566088,-0.4834301770848003,-0.06674817382147466,-0.5398433492543885,0.8060865148696502,0.4977900750923019
2023-06-30,0.4889899779116942,1.2154980145484233,0.3414400942512238,0.49439892916792394,0.5478688450018094,0.630228921479344,0.4280140006752808,2.09054749790904,2.066055870601631
2023-07-03,0.787682227187976,1.5087831086650156,0.8134934805053574,0.7224435521587224,0.8547701625664572,1.3254234666643034,1.3473815034140848,2.18136797145728,1.6872477074351264
2023-07-04,0.07180824131920144,0.5180799167278652,0.4184273417948164,0.26448508795588943,-0.04657965298376991,0.6230987210159085,0.5715439483602418,1.0396248754222666,0.8387174219421559
2023-07-05,-0.13801689246992213,-0.08696492310321519,0.4224793021918476,-0.10562011984884907,-0.179293736254969,0.3753242549115254,0.5114165378435689,0.5887660960220766,0.5546112995672775
2023-07-06,-1.1155551628286624,-0.38025001721980756,-0.39399071780993733,-0.84396131723709,-0.4972545607588835,0.04020483313005762,0.36982618404624257,-0.08914386724871234,0.20231970782242834
2023-07-07,-0.9131356219968021,-0.671225779886663,0.11655629221599267,-0.2383346135566088,-0.9064563175117474,0.25411084703312214,0.22241704858601236,0.12168937491684409,0.45233309551232126
2023-07-10,-0.8859817811535038,-0.6504417968390305,-0.29066572768564203,-0.11683542917626538,-0.17376398278533572,0.09189878648996488,-0.19847482503069747,0.9552915785560441,1.4675389727985537
2023-07-11,-1.0884013219853643,-0.20012216414032563,-0.1144054504147852,-0.22151164956548436,0.37921136417799384,0.5072329634850818,0.6549464855285299,1.013676168694198,1.4713270544302186
2023-07-12,-1.113086631842908,-0.2763301019816449,-0.42640640098618693,-0.9934987749359742,0.9266569576716903,0.5660571173084247,0.6801612060677797,1.179099174085635,1.3084395442686216
2023-07-13,-0.1454224854271853,0.887572948685777,0.5865836982716108,-0.3822644165917849,1.8639501707745336,1.5910234339272755,1.7003875909635833,1.4580477714123712,1.3425322789536072
2023-07-14,-0.5774154079342044,0.6012158489183953,-0.5418872723015759,-0.9804142473873217,2.154262227930282,0.9136543899009044,1.8322799753227366,0.42658667897164865,-0.403773353243979
2023-07-17,-0.9699118346691532,0.20862950246311418,-0.631030401036262,-1.339304145864644,1.980074993636833,0.9100892896691867,1.904044949165217,-0.16698998743291782,-1.0477472306270368
2023-07-18,-0.8217999755238895,-0.19088483834137784,-0.4871858069416548,-1.3897730378380173,1.711881950359618,0.4626692105886101,1.1631200840887972,0.18007396505499815,-0.812886169463804
2023-07-19,-0.48607976146129184,0.07006961547889726,0.01323130209169732,-0.4495562725562828,1.1257280825784888,0.31828265120404153,1.099113485796855,-0.18969510581997773,-0.7977338429371438
2023-07-20,-0.2540378488003787,-1.075358783590629,-0.9430313516076638,-0.4719868912111154,0.5533985984714428,-0.269958887029386,0.6122754200005686,-0.22537457757107188,-0.9151643735187602
2023-07-21,0.20264038356418437,-0.8259509870190386,-0.16910691577470627,0.14298590357554594,0.28520555519422786,-0.08813877521178112,0.62973176498928,0.7185096296624193,0.7743200342038502
2023-07-24,0.30631868496586895,-2.5972082089672774,-1.0970058466948491,0.04952499251374333,-0.7820368644449982,-0.7868984206284586,0.1952627341591279,0.28062520362626353,0.10382958539913713
2023-07-25,-0.02199593613946557,-1.9529047344906691,-1.7777351933960894,-0.1673043211496388,-0.6189091370908161,-0.6781628635610675,0.1758667952827818,-0.030759277110558265,0.02427987113417118
2023-07-26,0.0397173385043943,-1.611123679929601,-2.0796062429749127,-0.24020383177784485,0.02807201885627959,-0.08279112486420451,0.5114165378435689,0.3746892655155118,0.07352493234581678
2023-07-27,0.23226275539323712,-1.46794513004591,-1.1962788764221133,0.03644046496509096,0.10825344416596239,-0.15944077984613597,0.3252155246306466,0.49794562247383706,0.5811278709889329
2023-07-28,0.5358920666410276,-1.569555713834336,-1.232746519995394,-0.5916168573702228,0.5838122425544259,0.011684031276315673,0.4900810050795882,0.5595738009529997,0.31217407514071466
2023-07-31,1.03700385674917,1.0192048413207828,-0.2521721039138457,-0.16917353937087487,0.4787469266313933,0.7175738771564285,0.4958997867424921,1.0331376987402496,0.9978168504720879
2023-08-01,1.1308080342078368,0.08392560417731897,0.14492001499521104,-0.08505871941525249,-0.5221384513722334,0.3503685532895012,-0.07240122233444796,1.4256118880022852,0.596280197515593
2023-08-02,0.12117886103428933,-0.7866923523735104,-0.13263927220142555,-0.7897539888212445,-0.9423997150643638,-0.3840420944443538,-0.8307824323995795,1.4126375346382511,0.4826377485656417
2023-08-03,-1.5203942444923833,-0.1354608835476911,-0.47908188614759245,-1.3299580547584637,-1.3405419648779613,-3.175515575879346,-1.1003859827807898,0.6212019794321623,-0.7598530266204933
2023-08-04,-1.1994852163443117,-0.015375648161369803,-0.06578192565041091,-0.5056328191933643,0.21055388335417832,-2.660358592396132,-1.7695458740147296,0.3227918520593748,-0.9606213530987409
2023-08-07,-1.4636180318200323,-0.16548219239427142,-0.09617162862814484,-0.9280761371927124,2.2759168042622147,-2.339499571541535,-1.2516743060162894,0.23845855519315223,-0.7560649449888284
2023-08-08,-1.2661355529596805,-0.2971140850292775,-0.011080460290489825,-0.6906854230957336,2.6989429446891617,-1.761953334003261,-1.3253788737464043,0.04708684307364718,-0.4719588226139499
2023-08-09,-0.26884903471490507,-0.05463428280689792,-0.15897701478212828,-0.4682484547686433,2.806773137347011,-1.3894003597887572,-1.0034062883990595,0.18980473007802384,-0.03254135334080452
2023-08-10,1.4048149736265747,-0.1885755068916409,0.2482450051195064,-0.02337451811446273,3.4758733071726398,2.1970904733192915,-0.7822925852087144,0.9909710503071383,0.918267136207122
2023-08-11,0.52601794269801,-0.4541486236113899,-0.2724319058990016,-0.6794701137683173,1.0344871503295394,1.2897724643471262,-1.0034062883990595,0.6568814511832565,0.6076444424105882
2023-08-14,0.38284314552425514,-0.6204204879924502,-0.4223544405891557,-0.38039519837054886,-0.3313619566698846,0.5838826184670133,-1.455331664217923,0.11520219823482697,0.18716738129576813
2023-08-15,0.1335215159630613,-0.7220310717808759,-0.7829789159249316,-0.40469503524661754,-0.4751355468803503,-0.5426890547557932,-1.4533920703302885,-0.2967335210732602,-0.2863428226623626
2023-08-16,-0.0639609628972903,0.2986934290028551,-0.30484758907525117,-0.10188168340637696,-0.3368917101395179,-0.5854702575364061,-1.3777479087125386,-0.08590027890770378,-0.3886210267173188
2023-08-17,-0.6909678332789065,-0.31789806807690996,-0.9389793912106327,-0.5112404738570725,-1.2105927583415788,-1.1166701920623499,-1.243915930465751,-1.0881690762793488,-1.6311118019034538
2023-08-18,-0.7650237628515384,-0.35253803982296417,-1.0787720249082087,-0.5486248382817936,-1.53131845958031,-0.8439400243359425,-1.3564123759485582,-1.1433100780764944,-1.2560917203686144
2023-08-21,-0.8884503121392581,-0.15393553514558667,-1.072694084312662,-0.6028321666976392,-1.8161007632664246,-0.7672903693540111,-1.4495128825550192,-1.2471049049887684,-1.809151638591711
2023-08-22,-0.7650237628515384,0.20862950246311418,-0.5196014901179042,-0.01776686345075458,-1.3516014718172278,0.04020483313005762,-0.5185078164904077,-0.4654001148057053,-1.1727539244719833
2023-08-23,-0.8637650022817143,-0.36870335997112286,-0.5277054109119667,-0.09066637407896064,-1.0944679354792795,-0.07744347451662789,-0.21011238835650511,-0.7313743587684074,-1.210634740788634
2023-08-24,-0.9945971445266972,-0.25554611893401236,-0.47502992575056113,-0.053282009654239584,-1.0170513869044133,-0.09705152579107548,-0.5999707597710612,-0.7930025372475699,-0.9075882102554301
2023-08-25,-1.0143453924127321,-0.23707146733611684,-0.7850048961234473,0.03270202852261885,-0.4004838750403008,-0.19687433227917223,0.00712212705857094,-0.5951436484460477,-1.1803300877353136
2023-08-28,-0.46633151357525665,-0.35253803982296417,-0.7019397079843078,0.32616928925667915,-0.09634743421046958,-0.13626762833997064,0.23211501802418544,0.21575343680609235,-0.30149514918902276
2023-08-29,0.0841508962479734,-0.29480475357954056,-0.7221995099694638,0.17850104977903097,0.07507492334816258,0.07050818509965841,0.684040393843049,0.12493296325785266,-0.2711904961357024
2023-08-30,-0.41202383188866,-0.3017327479287514,-0.7789269555279005,0.014009846310258317,0.02807201885627959,0.058030334288646304,0.27090689577687754,0.10871502155280985,-0.0893625778157802
2023-08-31,0.22979422440748273,0.20401083956364027,-0.1528990741865815,0.08690935693846438,0.4621576662224934,0.255893397148981,0.9575231319995288,0.5433558592479569,0.13034615682079248
2023-09-01,0.4371508272108519,0.0030990034365257716,0.505544490330987,0.1373782489118378,0.40133037805652705,0.28619674911858184,0.9594627258871634,0.7541891014135133,0.75916770767719
2023-09-04,0.32853546383765847,-0.19088483834137784,0.8540130844756696,-0.04954357321176747,0.15249147192302873,0.07763838556309391,0.8993353153704904,0.3000867336723149,0.31217407514071466
2023-09-05,-0.2614434417576419,-0.06618094005558267,0.7648699557409833,-0.4607715818836991,0.044661279265179495,-0.1077468264862287,1.3667774422904309,-1.0297844861411949,-0.5818131899322362
2023-09-06,-0.3404364333017825,-0.495716589706655,0.02538718328279088,-0.8514381901220341,-0.16270447584606915,-0.2253951341329142,1.5510388616157185,-0.6892077103352959,-0.5742370266689061
2023-09-07,-0.43670914174620395,-0.8698282845640406,0.06185482685607161,-0.8719995905556307,-0.2705346685039184,-0.5854702575364061,1.622803835458199,-0.805976890611604,-0.3431640471373383
2023-09-08,-0.4342406107604495,-0.5603778702992894,0.19556951995810093,-1.027144702918223,-0.005106501961520183,-0.11487702694966419,1.814823630334025,-0.28375916770922593,0.516730483250627
2023-09-11,-0.4070867699171512,-0.09389291745242605,0.30699843087645867,-1.0813520313340685,0.3460328433601942,-0.32878304085272875,2.0339977396367357,-0.4881052331927653,0.672041830148894
2023-09-12,-0.10098892768360619,0.31716808060075075,0.8297013220934822,-0.8514381901220341,-0.002341625226703533,-0.24500318540736177,0.6045170444500301,0.22224061348810942,1.558452931958515
2023-09-13,0.17795507370664043,0.34949872089706796,1.478014985618473,-0.5187173467420167,-0.4806653003499836,-0.41434544641395454,0.2980612102037621,-0.5756821183999964,0.7970485239938405
2023-09-14,-0.1429539544414309,0.5873598602199737,0.8337532824905134,-0.5336710925119051,0.5810473658196091,0.045552483477634235,0.00906172094620555,0.47848409242778567,1.721340442120112
2023-09-15,0.08908795821948219,0.7143730899555059,0.5521420348968458,-0.6402165311223601,-0.10740694114973616,-0.6211212598535836,-0.5146286287151385,-0.5854128834230221,-0.19542886350240146
2023-09-18,-0.5354503811763797,0.11394691302389928,-0.4365363019787649,-1.4365034933689185,-0.469605793410717,-0.6032957586949949,-0.7338027380178492,-0.7767845955425271,-0.6045416797222265
2023-09-19,-0.693436364264661,0.06314162112968644,-1.5852670745371076,-1.4178113111565582,-0.7848017411798149,-0.975848732909499,-0.8482387773882909,-1.0622203695512804,-1.142449271418663
2023-09-20,0.02984321456137672,0.5781225344210258,-1.157785252650317,-0.6495626222285404,-0.6714417950523324,-0.5747749568412529,-1.0034062883990595,-0.28375916770922593,-0.4265018430339693
2023-09-21,0.15573829483485085,0.3217867435002246,-0.6938357871902455,-0.7280697875204547,-1.6502081591774258,-0.9811963832570757,-1.6357138957679416,-1.6622842126378639,-2.316754577234827
2023-09-22,0.1902977286354124,0.10470958722495148,-0.6290044208377464,-0.5000251645296562,-1.1110571958881794,-1.1594513948429628,-1.538734201386211,-1.6298483292277783,-1.9417344956999876
2023-09-25,-0.9847230205836797,-0.003828990912685066,-0.6654720644110272,-0.45890236366246306,-0.7848017411798149,-1.0043695347632409,-1.2497347121286548,-1.4773996772003761,-1.6386879651667838
2023-09-26,-1.0908698529711185,-1.0314814860456272,-0.24001622272275214,-0.7056391688656221,-0.721209576279032,-1.0364554368487007,-1.4146001925775964,-1.3314382018549908,-1.464436210110192
2023-09-27,-1.3895621022474003,-1.0684307892414182,-0.6837058861976676,-1.1841590335020515,-0.132290831763086,-0.8421574742200837,-0.6639773580630033,-1.1952074915326314,-1.1045684551020125
2023-09-28,-1.6043242980080328,-0.5950178420453438,-0.8619921436670399,-0.6533010586710126,0.36815185723872723,-0.04357502231530934,0.43771197011345375,0.5011892108148457,1.2591944830569761
2023-09-29,-1.868457113483753,-0.7890016838232474,-0.4446402227728272,-0.5112404738570725,-0.0631689133926698,0.23628534587453348,0.62973176498928,0.1411509049628954,0.39551187103734564
2023-10-02,-0.6045692487775027,-0.7151030774316651,0.365751856633411,0.24579290574352888,-0.2926536823824516,0.08833368625824714,0.2437525813499931,-0.08590027890770378,0.09246534050414199
2023-10-03,-1.1278978177574346,-0.3386820511245425,-0.06172996525337971,0.0027945369828419994,-0.7073851926049487,-0.2628286865659505,-0.7725946157705413,-0.45566934978267964,-0.41513759813897416
2023-10-04,-1.362408261404102,-0.3779406857700706,0.069958747650134,0.025225155637674638,-0.5802008628033829,-0.16478843019371256,-1.0635336989157325,-0.06968233720266098,0.14928656497911771
2023-10-05,-0.5477930361051516,-0.26247411328322323,0.8641429854682473,0.4607530011856749,-1.0225811403740466,-0.6175561596218658,-1.7365727779249414,-1.0038357794131263,-1.2144228224202989
2023-10-06,-0.2984714065439579,0.0862349356270559,0.9289743518207465,0.9654419209194092,-0.5663764791292998,-0.5997306584632771,-1.639593083543211,-0.3226822278013287,0.03943219766083138
2023-10-09,-1.1970166853585575,-0.27171143908217105,-0.5499911930956382,-0.7654541519451757,-1.0087567566999633,-0.5676447563778174,-1.3544727820609235,-0.11184898563577227,-0.14997188392242095
2023-10-10,0.1902977286354124,0.5065332594791804,0.7952596587187172,0.6887976241764734,0.19949437641491174,0.3378907024784891,0.48038303564141516,1.1499068790165579,1.3576846054802674
2023-10-11,0.2989130920086058,0.04697630098152778,0.5764537972790329,0.7411357343710828,-0.024460639105236735,0.45732156024103343,0.288363240765589,0.3487405587874433,0.40687611593234085
2023-10-12,-0.6588769304640995,-0.8120949983206169,-1.5933709953311699,0.01961750097396648,0.01977738865182964,0.3325430521309125,0.04591400481126311,0.28062520362626353,0.5356708914089524
2023-10-13,-0.9328838698828372,-1.5995770226809163,-2.7339978470954502,-0.7841463341575362,-1.1580601003800624,-0.3858246445602126,-0.4545012181984656,-0.7313743587684074,-0.6196940062488866
2023-10-16,0.293976030037097,-0.7266497346803498,-1.6095788369192945,1.105633287512113,-0.6548525346434324,-0.15231057938270048,-0.497172283726427,0.20926626012407523,0.7743200342038502
2023-10-17,-0.5527300980766604,-1.5464623993369664,-2.389581213347799,0.1616780857879065,-0.9976972497606968,-0.14161527868754725,-0.9723727861969058,-0.38106681793948277,0.1682269731374429
2023-10-18,-1.4167159430906988,-1.7589208927127655,-2.9994012531009933,-0.5972245120339309,-2.252951287367455,-0.961588331982628,-1.27300983878027,-0.8578743040677411,-0.6159059246172216
2023-10-19,-1.1155551628286624,-1.126164075484842,-2.203191035084364,-0.5355403107331412,-2.6483286604462357,-1.3608795579350152,-1.0286210089383094,-1.1270921363714517,-0.9341047816770854
2023-10-20,-1.6265410768798223,-0.6342764766908718,-1.7351896092272616,-0.7224621328567464,-2.0704694228695564,-1.1434084438002328,-1.292405777656616,-1.058976781210272,-0.8772835572021097
2023-10-23,-1.5327368994211552,-0.9968415142995728,-1.5305656091771866,-0.9972372113784463,-1.625324268564076,-0.9455453809398983,-0.8482387773882909,-1.6071432108407184,-1.729601924326745
2023-10-24,-1.4660865628057864,-0.7012470887332434,-1.437370520045469,-1.131820923307442,-1.5838511175418262,-0.8991990779275676,-0.675614921388811,-1.435233028767265,-1.5364097611118277
2023-10-25,-0.34537349527329136,-0.46569528086007467,-0.6127965792496217,-0.778538679493828,-0.6189091370908161,-0.6817279637927852,-0.6872524847146185,-1.2211561982607,-0.646210577670542
2023-10-26,-0.044212715011255135,-0.7866923523735104,0.03551708427536887,-1.0477061033518198,-0.6797364252567824,-0.2681763369135271,-0.832722026287214,-1.2146690215786826,-0.729548373567173
2023-10-27,0.3235984018661497,-0.15393553514558667,0.10034845062786793,-0.5168481285207808,-0.3617756007528678,-0.2610461364500916,-0.5049306592769655,-0.6924512986763046,0.1417104017157876
2023-10-30,-0.1923245741565188,-0.13315155209795415,0.30902441107497425,-0.6308704400161799,-0.5636116023944832,-0.2040045327426077,-0.6600981702877341,-0.31943863946032014,0.6076444424105882
2023-10-31,-0.2491007868288699,-0.6435138024898197,-0.06375594545189531,-1.055182976236764,-0.7046203158701321,-0.5195159032496279,-0.6969504541527916,-0.4945924098747823,0.2098958710857584
2023-11-01,-0.6391286825780643,0.19015485086521858,0.14694599519372664,-0.6140474760250555,-0.7156798228093987,-0.6532071619390433,0.05367238036180152,-0.16050281075090067,-0.1727003737124112
2023-11-02,0.9530738032335205,1.4649058111200137,0.48123272794879984,0.3691613083451084,0.7109965723559917,-0.1897441318157368,-0.09955553676133247,-0.35511811121141434,0.7932604423621754
2023-11-03,3.0760104509823,1.233972666146319,1.417235579663005,1.2944243278569545,0.8768891764449904,3.6070876149636586,1.3473815034140848,0.8287916332567102,1.6720953809084662
2023-11-06,2.846437069307141,2.2015825435861003,1.1923517776277741,1.5187305144052807,1.5598137299447026,2.972499773717901,0.0963434458897629,0.30333032201332344,0.9940287688404229
2023-11-07,3.090821636896826,3.7257413004124857,1.6563012430878452,2.2495948389085774,1.9468964728190332,4.104419097288283,0.35236983905753105,0.7963557498466245,1.3614726871119323
2023-11-08,4.172038208657251,4.293836837047775,1.7859639757928434,2.958028544757042,2.2842114344666644,4.298717059916901,-0.40019258934469665,0.4233430906306402,1.17964476879201
2023-11-09,2.562556005945386,3.3031336451106244,1.305806668744647,2.1449186185193585,1.4160401397342368,3.386051400597159,-0.10149513064896708,1.2926247660209342,1.1341877892120296
2023-11-10,0.1310529849773069,3.0352511969411387,0.03551708427536887,0.20653932309757178,1.8280067732219174,0.7924409820225011,-0.8152656812985026,0.8417659866207445,0.9372075443654473
2023-11-13,1.051815042663696,2.0122173647076704,0.4994665497354402,0.6570209144154605,1.1174334523740388,0.9475228421022229,0.055611974249436126,0.8871762233948642,1.270558727951971
2023-11-14,1.2641087074385742,1.8528734946758212,0.7668959359394988,0.817773681441761,1.2280285217667049,0.5393188655705415,0.7926576515505871,1.0850351121963866,1.8842279522817087
2023-11-15,0.8419899088745727,1.5665163949084395,1.0464812033346511,0.4009380181061213,0.6639936678641086,1.9528811074466266,1.6577165254356219,1.221265822518746,1.8236186461750679
2023-11-16,0.3260669328519041,1.5087831086650156,1.0120395399598858,0.12055528492071334,0.8326511486879241,2.3806931352527556,1.7003875909635833,1.32506064943102,1.9031683604400342
2023-11-17,1.4739338412276977,1.6635083157973913,2.0250296392176836,1.2962935460781906,0.29073530866386116,2.5054716433628763,1.3725962239533347,1.1142274072654637,1.2894991361102965
2023-11-20,0.869143749717871,1.6750549730460762,1.247053242987695,0.4420608189733144,0.08613443028742919,2.318303881197695,1.6111662721323912,1.2926247660209342,1.2819229728469663
2023-11-21,0.2051089145499388,0.9707088808763068,-0.031340262275645785,-0.5168481285207808,-0.5055491909633335,1.7140193919215378,-0.0840387856602556,0.6309327444551881,0.41066419756400585
2023-11-22,0.21992010046446514,0.5919785231194475,-0.39804267820696854,-0.563578584051682,-0.17652885952015238,0.7443121288943116,-0.0006362484919674754,1.2764068243158915,1.020545340262078
2023-11-23,-0.03680712205399194,0.4880586078812848,-1.0159666387542252,-1.0346215758031674,-0.24565077789056855,0.8191792337603843,0.31939674296774273,0.8579839283257873,0.6114325240422532
2023-11-24,-0.4737371065325199,0.3610453781457527,-1.54272149036828,-1.406596001829142,-0.430897519123284,-0.14696292903512387,0.08082669478868602,0.3552277354694604,0.07731301397748183
2023-11-27,-0.6860307713073978,0.32409607494996157,-1.528539628978671,-1.3206119636522835,-0.4944896840240669,-0.020401870809144015,-0.21011238835650511,-0.056707983838626734,-0.35831637366399843
2023-11-28,-0.12814276852690457,0.23403214841022058,0.09021854963528995,-0.8533074083432702,-0.2843590521780016,-0.15944077984613597,0.00712212705857094,-0.6210923551741162,-0.8242504143587991
2023-11-29,0.17054948074937726,0.06083228967994948,1.056611104327229,-0.7056391688656221,-0.2898888056476349,-0.3002622389989868,-0.4894139081758886,-1.3800920269701193,-1.2409393938419542
2023-11-30,0.5408291286125365,0.044666969531790834,2.1405105105330726,-0.09066637407896064,-0.2954185591172682,-0.24500318540736177,-0.5107494409398693,-1.3444125552190251,-1.0477472306270368
2023-12-01,1.2665772384243286,0.44187197888654595,3.2770854019003215,0.6084212406633231,0.1331373347793122,0.22559004517938025,0.8993353153704904,-0.17023357577392634,-0.040117516604134616
2023-12-04,1.925675011620752,0.6843517811089255,3.3763584316275863,1.131802342609418,-0.2235317640120354,0.3610638539846544,0.6006378566747609,0.10222784487079271,0.3614191363523602
2023-12-05,1.725724001774646,0.5527198884739194,2.1709002135108064,1.066379704866156,-0.20417762686831883,0.23985044610625122,0.8295099354156447,-0.533515469966885,-0.25225008797737714
2023-12-06,1.7775631524754885,1.0446074872678892,1.5428463519709719,1.5972376796971952,-0.04657965298376991,0.2737188983075698,1.24846221514472,0.14439449330390397,0.050796442555826486
2023-12-07,1.3677870088402588,1.4579778167708028,1.2308454013995702,1.0888103235209887,0.7386453397041581,0.8263094342238197,1.968051547457159,0.6276891561141794,0.39172378940568064
2023-12-08,0.4667731990399046,0.8182930051936684,0.22798520313435042,0.7897354081232203,0.7524697233782414,0.6391416720586384,0.7073155204946643,-0.2059130475250205,-0.15754804718575102
2023-12-11,-0.41449236287441443,0.4626559619341784,-0.011080460290489825,0.19345479554891942,1.6151112646410353,0.933262441175352,1.2310058701560083,0.8385223982797357,0.9334194627337821
2023-12-12,-0.2540378488003787,1.0007301897228873,0.8276753418949667,0.9841341031317697,1.9773101169020164,0.6819228748392512,0.8876977520446828,2.041893672793912,2.2554599521848835
2023-12-13,-1.6709746346234013,0.48113061353207404,0.2138033417447413,-0.6159166942462915,2.1514973511954656,0.6034906697414609,1.213549525167297,1.8797142557434838,1.994082319599995
2023-12-14,-0.656408399478345,0.6196905005162909,0.6899086883959062,1.6234067347945,1.4685727976957532,0.24163299622211004,0.9245500359097403,1.655906660213893,1.1379758708436947
2023-12-15,-0.6292545586350466,0.9522342292784112,0.7284023121677026,1.6458373534493322,1.4658079209609365,-0.09170387544349887,0.7111947082699335,1.5942784817347306,1.0356976667887383
2023-12-18,-0.537918912162134,1.1808580428023692,0.781077797329108,1.7991132475906886,0.7662941070523247,-0.13626762833997064,0.5172353195064727,0.6212019794321623,0.050796442555826486
2023-12-19,-0.3034084685154666,1.1023407735113129,0.36980381703044213,1.9056586862011435,0.6584639143944754,0.6640973736806626,0.7732617126742409,0.44929179735870867,-0.02117710844580937
2023-12-20,0.4667731990399046,0.9314502462307788,0.6088694804552823,2.681384248014106,0.10548856743114574,0.28619674911858184,-0.5669976636812729,-0.4264770547136026,-0.35831637366399843
2023-12-21,-0.2540378488003787,0.5735038715215519,0.4731288071547375,0.6794515330702932,0.37921136417799384,0.781745681327348,-0.7861717729839834,0.03411248970961296,0.7515915444138599
2023-12-22,-0.2515693178146243,0.6658771295110298,0.580505757676064,0.32616928925667915,0.19396462294527844,0.9849563945352592,-0.8734534979275408,-0.008054158723498323,0.6455252587272388
2023-12-27,0.25941659623653546,0.5550292199236563,0.5075704705295025,0.5261756389289368,0.2547919111112447,0.4216705579238561,-1.544552983049115,0.11195860989381841,0.37657146287902044
2023-12-28,-0.21947841499981718,0.20862950246311418,0.21582932194325685,-0.2850650690875101,0.01977738865182964,0.05446523405692856,-1.4146001925775964,0.17034320003197248,0.15307464661078277
2023-12-29,-0.2021986980995364,-0.0015196594629481159,-0.043496143466739356,-0.348618488609536,0.36538698050391066,0.2469806465696867,-0.7822925852087144,1.0915222888784035,0.6758299117805591
2024-01-02,-0.8538908783386967,-0.8629002902148297,-0.6472382426243868,-0.27384975976009385,-0.5636116023944832,-0.8172017725980594,-1.144996642196386,-0.22537457757107188,-0.570448945037241
2024-01-03,-1.3229117656320315,-2.435555007485691,-1.5346175695742177,-0.9934987749359742,-1.2465361558941952,-1.335923856312991,-1.1217215155447706,-0.7475923004734502,-0.8090980878321389
2024-01-04,-1.031625109313013,-2.186147210914101,-0.7606931337412601,-0.77293102483012,-1.1552952236452458,-1.1327131431050796,-0.5068702531646,-0.8643614807497583,-0.8469789041487893
2024-01-05,-0.668751054407117,-1.6249796686280227,-0.5580951138897006,-0.5392787471756134,-1.365425855491311,-0.961588331982628,-0.24890426610919722,-0.4654001148057053,-0.5249919654572605
2024-01-08,-0.33549937133027374,-1.6942596121201312,-0.1549250543850971,-0.12618152028244564,-0.9147509477161974,-0.40008504548708357,0.4551683151021653,0.1670996116909639,-0.24467392471404711
2024-01-09,0.5062696948119749,-1.2208466649240566,0.38398567842005127,-0.10001246518514091,-0.18758836645941895,0.3236303015516181,0.6239129833263761,0.4525353856997172,0.06594876908248667
2024-01-10,0.7457172004301512,0.28252810885469654,1.0424292429376198,-0.2514191411052612,0.6501692841900254,0.6908356254185457,0.8159327782022023,0.9196121068049498,0.4940019934606367
2024-01-11,-0.01212181219644799,0.4233973272886503,0.5784797774775484,-1.0290139211394593,0.8132970115442076,0.6337940217110617,0.7267114593710103,0.7995993381876333,0.45233309551232126
2024-01-12,-0.8094573205951175,-0.6966284258337695,0.039569044672400064,-1.589779387510275,0.5091605707143764,0.1275497888071423,0.05949116202470535,0.22224061348810942,0.08110109560914688
2024-01-15,-1.2957579247887334,-0.3779406857700706,-0.36967895542775026,-1.9131541397841123,0.05848566293926268,-0.2788716376086803,-0.5126890348275039,-0.6146051784920991,-0.27497857776736745
2024-01-16,-1.7968697148968755,0.2848374403044334,-0.9349274308136012,-2.223444364509297,-0.1433503387023526,-0.6282514603170191,-0.7318631441302146,-0.24483610761712324,-0.11209106760577049
2024-01-17,-1.5944501740650152,0.19477351376469249,-0.7343553911605574,-1.6664173345809532,-0.5027843142285169,-0.6870756141403618,-0.768715427995272,-0.0923874555897209,-0.059057924762459815
2024-01-18,-1.12542928677168,0.3864480240928591,-0.736381371359073,-0.881345681661811,-0.4391921493277339,-0.41612799652981336,-0.4409240609850234,0.5887660960220766,0.47127350367064663
2024-01-19,-0.9081985600252933,0.8644796341884073,-0.4365363019787649,-0.6009629484764031,0.644639530720392,-0.1576582297302771,0.288363240765589,0.948804401874027,0.8197770137838308
2024-01-22,-0.6144433727205203,0.9268315833313049,-0.25622406431087685,-0.7635849337239398,-0.2290615174816687,-0.5070380524386159,0.5831815116860494,1.4839964781404393,1.0394857484204034
2024-01-23,0.2371998173647459,0.6982077698073471,0.4224793021918476,-0.12431230206120959,-0.3590107240180511,-0.17013608054128918,0.9400667870108171,1.3153298844079944,0.7705319525721852
2024-01-24,1.3529758229257325,0.8413863196910379,0.9775978765851208,1.025256903998963,-0.20141275013350218,0.0009887305811624373,0.7868388698876831,1.2245094108597545,0.5697636260939377
2024-01-25,1.594891859529663,0.4511093046854937,1.4212875400600362,0.9729187938043534,-0.45578140973663384,0.2469806465696867,0.6122754200005686,1.1466632906755494,0.9675121974187675
2024-01-26,1.8269337721905763,0.5365545683257609,1.2693390251713665,1.3635854020426885,-0.9976972497606968,0.2505457468014044,1.236824651818912,0.87420187003083,0.7932604423621754
2024-01-29,1.5282415229142945,1.097722110611839,1.838639460954249,1.0514259590962676,0.12207782784004564,0.8655255367727148,1.3551398789646234,0.4233430906306402,0.6796179934122241
2024-01-30,1.330759044053943,1.1854767057018432,1.7191066292418287,0.7392665161498468,0.2547919111112447,0.23450279575867455,0.8683018131683367,0.6082276260681281,1.1076712177903743
2024-01-31,0.2421368793362547,0.790581027796825,1.2875728469580068,-0.245811486441553,-0.17099910605051907,-0.18083138123644243,0.3000008040913966,0.027625313027595837,0.4182403608273359
2024-02-01,-0.16270220232746607,1.236281997596056,0.7385322131602805,-0.7430235332903431,0.18014023927119524,-0.24322063529150292,0.49202059896722283,-0.07292592554366956,0.11898191192579732
2024-02-02,0.39024873848151836,1.2524473177442146,1.6623791836833919,-0.55984014760921,0.07231004661334593,-0.255698486102515,-0.5029910653893308,0.2481893202161779,0.20231970782242834
2024-02-05,-0.03433859106823754,0.3887573555425961,0.6696488864107503,-0.41217190813156174,0.29626506213349446,-0.41434544641395454,-1.1120235461065977,0.05681760809667287,-0.16891229208074615
2024-02-06,-0.04914977698276391,0.35642671524627884,0.36169989623637977,-0.02150529989322668,0.44280352907877674,0.08120348579481165,-0.7435007074560223,-0.014541335405515448,-0.1802765369757413
2024-02-07,-0.2663805037291507,1.0330608300192046,0.2725567675016935,-0.48880985520223996,1.3303289609549207,0.574969867887719,0.3543094329451657,0.8839326350538558,0.7364392178871997
2024-02-08,-0.11826864458388697,0.16475220491811218,-0.13669123259845675,-0.20842712201683197,1.93307208914495,0.7835282314432068,0.4299535945629153,0.5628173892940084,-0.10451490434244039
2024-02-09,-1.0587789501563114,0.27560011450548566,-1.0098886981586785,-0.9579836287324892,1.272266549523771,-2.50527673231641,0.032336847597820836,0.027625313027595837,-0.8204623327271341
2024-02-12,-0.4490517966749759,0.29407476610338124,-0.8842779258507113,-0.6084398213613472,1.0040735062465562,-2.2806754177181925,1.1029926735721243,0.387663618879546,-0.2863428226623626
2024-02-13,-0.8859817811535038,-0.18395684399216702,-0.6067186386540749,-1.333696491200936,0.5229849543884596,-2.339499571541535,0.7383490226968179,-1.5260535023155044,-1.146237353050328
2024-02-14,-0.7773664177803105,-0.3225167309763839,-0.2866137672886108,-0.7467619697328152,-0.03828502277931996,-2.41080157617589,-0.020032187368313557,-1.8666302781214033,-0.9113762918870951
2024-02-15,-0.7699608248230472,0.18322685651600773,0.2482450051195064,-0.561709365830446,-0.9009265640421141,-2.4927988815053985,0.8159327782022023,-1.406040733698188,0.047008360924161434
2024-02-16,-0.3108140614727298,-0.18164751254243008,0.2988945100823963,-0.348618488609536,-0.5608467256596664,0.4109752572287028,0.5405104461580881,-0.9324768359109381,0.8008366056255055
2024-02-19,-0.6959048952504153,0.02850164938363221,0.6412851636315319,-0.6121782578038194,-0.7930963713842648,0.06872563498379954,-0.2683002049855433,-1.1660151964635543,0.516730483250627
2024-02-20,-0.38240146005960723,0.058522958230212536,0.0679327674516184,-0.1635658847071667,-0.6023198766819161,-0.0007938195346964354,-0.44868243653556183,0.8806890467128473,1.1228235443170345
2024-02-21,0.13599004694881572,-0.0777275973042674,-0.31700347026634473,0.17476261333655885,-0.23459127095130197,-0.1754837308888658,0.030397253710186232,0.9423172251920098,0.9788764423137627
2024-02-22,0.35075224270944805,0.11163758157416233,-0.5479652128971226,0.24018525107982075,0.8575350393012741,-0.07922602463248676,-0.4040717771199659,1.036381287081258,0.9750883606820976
2024-02-23,-0.059023900925781504,0.22248549116153588,-0.661420104013996,0.45888378296443894,-1.8243953934708745,-0.013271670345708525,-0.08597837954789021,1.169368409062609,1.100095054527044
2024-02-26,-0.2960028755582035,-0.03154096830952844,-0.47097796535353004,0.6981437152826536,-1.8713982979627577,-0.19152668193159567,-0.5165682226027731,0.8644711050078042,0.8046246872571706
2024-02-27,0.15820682582060527,0.3217867435002246,-0.08401574743705126,1.4794769317593237,-1.9211660791894571,-0.12022467729724079,0.40667846791130013,0.660125039524265,1.012969176998748
2024-02-28,-0.5157021332903445,-0.24630879313506462,-0.6371083416318088,0.5747753126810742,-2.0704694228695564,-0.03466227173601498,0.4396515640010884,0.5271379175429141,0.6985584015705493
2024-02-29,-0.9970656755124516,-0.6850817685850846,-0.5580951138897006,-1.3093966543248672,-3.325723460476314,-0.44464879838355537,0.17004801361987798,-0.15401563406888355,0.08110109560914688
2024-03-01,-0.5946951248344852,-0.9206335764582534,0.2948425496853651,-1.6495943705898288,-0.3064780660565348,-0.08100857474834562,0.7907180576629524,-0.416746289690577,-0.20300502676573157
2024-03-04,-0.6095063107490115,-0.3386820511245425,-0.34739317324407865,-2.3954124408630135,-0.5608467256596664,-0.07744347451662789,1.0409256691678168,-0.4589129381236882,-0.3810448634539887
2024-03-05,-1.2044222783158207,-0.629657813791398,-0.8822519456521958,-3.3244138968173322,-0.6382632742345326,-0.4410836981518376,0.8217515598651063,-0.3745796412574656,-0.22573351655572185
2024-03-06,-0.5922265938487308,0.22017615971179894,0.24419304472247522,-2.7524331211191,-0.7903314946494482,-0.5516018053350876,1.213549525167297,-0.47188729148772246,-0.3317998022423432
2024-03-07,-0.8390796924241702,0.5157705852781282,0.2664788269061467,-1.0794828131128327,-0.11570157135418611,-0.5943830081157004,0.6413693283150876,-0.6081180018100819,-0.153759965554086
2024-03-08,-1.243918774087891,0.8506236454899857,-0.5945627574629814,-0.8757380269981029,-0.2981834358520849,-0.2895669383038335,0.5249936950570111,-0.18969510581997773,-0.11209106760577049
2024-03-11,-0.881044719181995,0.44187197888654595,-0.14479515339251914,0.36355365368140025,0.1441968417185788,0.033074632666622125,0.4958997867424921,-0.08914386724871234,0.06594876908248667
2024-03-12,-0.6539398684925907,0.11394691302389928,0.05172492586349362,1.060772050202448,0.37644648744317727,0.19172159297806163,0.7887784637753179,0.1411509049628954,0.3311144832990399
2024-03-13,-0.5823524699057132,-0.23707146733611684,-0.6350823614332932,0.7205743339374863,0.39580062458689375,0.22737259529523907,-0.0006362484919674754,0.3390097937644176,0.6493133403589036
2024-03-14,-0.6539398684925907,-1.0153161658974683,-1.386721015082579,-0.20095024913188775,0.011482758447379688,0.15607059066088422,0.23793379968708922,-0.08265669056669522,0.10004150376747208
2024-03-15,0.06440264836193825,-0.04770628845768708,-0.6371083416318088,-0.10001246518514091,-0.8262748922020646,-0.4553440990787086,-0.6077291353215997,-1.0297844861411949,-0.4605945777189547
2024-03-18,0.20264038356418437,0.30331209190232905,-0.7039656881828235,-0.6420857493435962,-0.665912041582699,-0.6371642108963135,-0.23920629667102422,-0.21888740088905476,0.1606508098741128
2024-03-19,0.15820682582060527,0.5989065174686584,-0.24204220292126769,-1.088828904219013,-0.20970738033795214,-0.29134948841969244,-0.6736753275011763,-0.3389001695063714,-0.06663408802578992
2024-03-20,-0.12073717556964136,1.1023407735113129,-0.15897701478212828,-0.918730046086532,0.3626221037690941,0.2131121943683681,-0.11119310008714012,0.11520219823482697,0.09246534050414199
2024-03-21,0.7407801384586424,1.587300377956072,1.1113125696871502,0.26448508795588943,0.8160618882790243,-0.06674817382147466,0.09828303977739751,0.7249968063444363,0.39551187103734564
2024-03-22,0.9160458384472044,0.5180799167278652,0.5197263517205961,0.30934632526555467,1.4492186605520365,0.29689204981373507,0.7655033371237026,1.2472145292468146,0.9599360341554375
2024-03-25,0.8790178736608886,0.21324816536258806,0.07603668824568077,0.3822458358937607,1.153376849926655,0.39671485630183184,0.62973176498928,0.24170214353416078,0.39551187103734564
2024-03-26,1.5603324257291016,0.5157705852781282,0.37385577742747333,1.3355471287241476,0.9653652319591233,-0.013271670345708525,0.5657251666973379,0.07952272648373278,0.6265848505689133
2024-03-27,1.2098010257519776,-0.08927425455295214,0.6939606487929374,1.423400385122242,0.4787469266313933,-0.03822737196773272,0.0944038520021283,-0.2870027560502345,0.42202844245900106
2024-03-28,1.2986681412391357,-0.17241018674348227,0.6291292824404383,1.172925143476611,-0.40877850524475084,0.025944432203186634,-0.4758367509624463,-0.6016308251280649,0.22883627924408367
2024-04-02,0.16561241877786845,-0.5696151960982373,0.13681609420114865,0.3168231981504989,-0.7046203158701321,-0.822549422945636,-1.001466694511425,-1.1692587848045628,-0.4340780062972994
2024-04-03,0.3581578356667112,-0.008447653812158966,0.495414589338409,0.04765577429250728,-0.21523713380758544,-1.0293252363852652,-1.104265170556059,-0.41998987803158544,0.10382958539913713
2024-04-04,-0.06642949388304469,-0.4864792639077072,0.5379601735072366,-0.48880985520223996,-1.3073634440601614,-0.9241547795495918,-1.0965067950055207,-0.6470410619021847,-1.0212306592053815
2024-04-05,-0.8514223473529422,-0.1354608835476911,-0.05565202465783293,-1.0607906309004722,-0.7958612481190815,-1.0756715393975957,-0.6465210130742919,-0.17672075245594346,-0.737124536830503
2024-04-08,-0.49348535441855507,0.38182936119338523,0.13479011400263305,-0.4775945458748236,-0.46131116320626714,-0.8760259264214021,-0.6562189825124648,0.07952272648373278,-0.5742370266689061
2024-04-09,0.05452852441892067,0.7813437019978772,0.6412851636315319,0.23644681463734865,-0.13782058523271928,0.06159543452036405,0.20302110970966636,0.7185096296624193,-0.3507402104006684
2024-04-10,0.04712293146165748,-0.1493168722461128,0.46299890616215955,1.129933124388182,-0.6078496301515495,-0.03822737196773272,0.00906172094620555,0.26116367358021214,-0.729548373567173
2024-04-11,-0.868702064253223,0.14165889042074267,-0.8032387179100876,0.09999388448711674,0.652934160924842,0.19172159297806163,0.6976175510564911,1.0331376987402496,0.08867725887247693
2024-04-12,-0.10345745866936058,-1.1099987553366832,-1.2813700447597682,-0.21403477668054013,-0.7958612481190815,-0.3323481410844465,-0.3924342137941582,-0.5919000601050391,-1.4454958019518667
2024-04-15,-1.9079536092558231,-1.7196622580672374,-2.0775802627763973,-1.445849584475099,-1.1442357167059793,-0.6264689102011602,-0.6697961397259071,-1.0232973094591775,-1.5477740060068228
2024-04-16,-2.4337507092215094,-2.0060193578346186,-2.290308183620535,-1.0140601753695708,-1.1331762097667126,-0.7316393670368336,-0.8210844629614065,-1.4125279103802049,-1.6045952304817985
2024-04-17,-2.892897472571827,-1.5972676912311792,-1.988437134041711,-1.4402419298113909,-1.3543663485520445,-0.5141682529020513,-0.3361859910527546,-2.252617290701422,-1.915217924278332
2024-04-18,-1.0390307022702763,-1.7127342637180265,-0.8660441040640711,0.08130170227475622,-1.8354549004101413,-0.8100715721346239,-0.7299235502425799,-3.018104139179442,-2.415244699658118
2024-04-19,-0.5428559741336428,-0.16317286094453448,0.2016474605536477,1.105633287512113,-1.1718844840541456,-0.351956192358894,-0.6368230436361189,-2.171527582176208,-2.229628699706531
2024-04-22,0.7555913243731689,0.3541173837965419,0.8722469062623099,1.8327591755729375,-0.4364272725929173,0.255893397148981,0.020699284272013205,-1.6622842126378639,-1.987191475279968
2024-04-23,1.3825981947547852,1.053844813066837,1.1923517776277741,1.131802342609418,0.27138117152014457,0.6890530753026867,0.4260744067876462,-1.007079367754135,-1.2901844550536
2024-04-24,1.5208359299570313,0.24788813710864227,0.5886096784701265,1.0121723764503106,0.3349733364209276,0.8263094342238197,0.441591157888723,0.5368686825659398,0.5280947281456223
2024-04-25,0.010094966675341563,0.6935891069078732,0.0010754209006037369,-0.2925419419724543,0.32667870621647754,0.9528704924497996,0.24763176912526233,0.5498430359299741,0.7061345648338794
2024-04-26,-0.03433859106823754,0.07930694127784506,-0.000950559297911838,-0.37665676192807673,0.6031663796981424,0.7728329307480536,1.0486840447183554,0.43956103233568294,1.2213136667403257
2024-04-29,0.0026893737180783777,-0.24169013023559074,-0.4183024801921245,0.03830968318632701,0.15802122539266203,0.533971215222965,0.5928794811242224,0.19629190676004096,1.0963069728953792
2024-04-30,-0.0639609628972903,-1.119236081135631,-0.35144513364110985,-0.49067907342347594,-0.8981616873072974,-0.2040045327426077,-0.3924342137941582,-0.7086692403813474,-0.2219454349240568
2024-05-02,0.6148850581851684,0.14858688476995352,0.2867386288913027,0.10747075737206097,-0.6078496301515495,-0.11487702694966419,-0.6426418252990226,-1.354143320242051,-1.5932309855868032
2024-05-03,0.693878049729309,-0.04308762555821319,0.2117773615462257,0.6065520224420871,0.3349733364209276,-2.8885250072260678,-0.497172283726427,-1.2114254332376742,-1.4530719652151967
2024-05-06,0.8740808116893798,0.1439682218704796,0.01323130209169732,0.7392665161498468,0.3515625968298275,-2.7370082473780637,-0.3691590871425429,-0.7670538305195014,-0.646210577670542
2024-05-07,0.33347252580916725,-2.024494009432514,-1.1962788764221133,-0.09253559230019669,0.4566279127528601,-3.2503826807454184,-0.39631340156942746,-0.8319255973396726,-0.725760291935508
2024-05-08,1.4912135581279786,-0.8721376160137775,-0.6330563812347777,1.6514450081130405,1.4077455095297866,-3.209384028080664,-0.18683726170488982,-0.3324129928243544,0.3311144832990399
2024-05-09,0.7457172004301512,-1.6780942919719726,-1.0038107575631314,0.748612607256027,2.1874407487480814,-3.237904829934406,-1.4863651664200768,0.04708684307364718,0.8728101566271413
2024-05-10,0.5778570933988525,-1.8928621167975086,-0.7343553911605574,1.098156414627169,1.5072810719831862,-0.5373414044082166,-1.7307539962620377,0.5855225076810682,1.7554331768050973
2024-05-13,0.75065426240166,-2.17921921656489,-0.7951347971160253,1.6813524996528175,0.8685945462405407,-0.6674675628659142,-1.6454118652061147,-0.13131051568182364,0.8652339933638113
2024-05-14,1.2665772384243286,-0.013066316711632853,0.4731288071547375,2.5019392987754445,1.0261925201250894,-0.06318307358975692,-1.6958413062846145,-0.2415925192761147,0.7932604423621754
2024-05-15,0.05452852441892067,-0.6850817685850846,0.06388080705458721,0.9336652111583963,0.7441750931737915,-0.006141469882273053,-1.5911032363523459,-0.1345541040228322,0.5243066465139571
2024-05-16,0.017500559632604745,-0.758980374976667,-1.086875945702271,0.8345966454328856,-0.5857306162730163,-0.006141469882273053,-0.08597837954789021,-0.030759277110558265,0.19095546292743318
2024-05-17,0.05452852441892067,-0.763599037876141,-1.433318559648438,0.1373782489118378,-0.964518728942897,0.033074632666622125,-0.19265604336779366,-0.5951436484460477,-0.9492571082037455
2024-05-20,-0.5700098149769413,-1.1492573899822114,-1.9924890944387421,-0.34301083394582776,-0.08252305053638634,0.1079417375326947,-0.46419918763663875,0.16061243500894679,-0.3355878838740082
2024-05-21,-1.300694986760242,-1.3178385858130084,-2.434152777715142,-1.051444539794292,0.10548856743114574,-0.43038839745668434,-0.44868243653556183,0.10547143321180127,-0.1461838022907559
2024-05-22,-1.1353034107146975,-0.9622015425535185,-2.555711589626078,-0.42899487212268617,-0.018930885635603436,-0.2129172833219021,-0.5165682226027731,-0.20266945918401194,-0.26740241450403734
2024-05-23,-0.9081985600252933,0.14165889042074267,-1.7878650943886671,-0.5411479653968494,-0.1267610782934527,-0.6175561596218658,-0.9161245634555021,-1.0784383112563232,-1.32806527137025
2024-05-24,-1.0785271980423465,-0.6342764766908718,-1.4880200250083588,-0.24394226822031695,0.3930357478520772,-0.7316393670368336,-0.2644210172102741,-0.2934899327322516,-0.44544225119229447
2024-05-27,-0.6070377797632571,-0.09620224890216299,-0.8559142030714932,-0.4757253276535875,-0.06040403665785316,-0.7779856700491643,-0.35752152381673524,-0.6437974735611761,-0.6954556388821875
2024-05-28,0.05452852441892067,0.03542964373284306,-0.15897701478212828,0.05700186539868754,-0.4889599305544336,-0.40721524595051906,0.2864236468779544,-0.7021820636993302,-1.3356414346335803
2024-05-29,-0.6317230896208011,-0.7127937459819281,-0.5054196287282952,-0.670124022662137,-0.9119860709813807,-0.4375185979201199,0.42413481290001154,-1.1984510798736399,-1.7409661692217402
2024-05-30,-0.4885482924470463,-1.430995826850119,0.05375090606200922,-0.24768070466278908,-0.2428859011557519,-0.31452263992585777,0.5114165378435689,-0.660015415266219,-0.9303167000454204
2024-05-31,0.2421368793362547,-0.2809487648811188,-0.0029765394964274355,0.22896994175240443,-0.3949541215706675,0.25945849738069876,-0.04330731401992885,-0.9681563076620321,-0.7598530266204933
2024-06-03,-0.02199593613946557,0.04235763808205389,0.6777528072048127,0.7953430627869283,-0.4889599305544336,0.4537564600093157,0.13319572975482044,-1.3508997319010425,-1.2144228224202989
2024-06-04,-0.5329818501906253,0.43956264743680895,0.8297013220934822,0.27756961550454173,-0.17376398278533572,0.5571443667291303,-0.09567634898606325,-0.7281307704273987,-0.18406461860740636
2024-06-05,0.2989130920086058,0.8529329769397226,1.247053242987695,0.9710495755831173,0.45939278948767664,0.6694450240282391,-0.21593117001940892,0.387663618879546,0.9069028913121269
2024-06-06,0.12611592300579813,0.5504105570241824,0.4447650843755191,0.7504818254772632,0.15249147192302873,1.6106314852017232,0.09246425811449369,0.20926626012407523,0.6265848505689133
2024-06-07,-0.44411473470346713,-0.10543957470111077,0.02133522288575971,0.021486719195202536,0.07783980008297924,1.4591147253537189,0.125437354204282,-0.23510534259409757,0.03185603439750128
2024-06-10,-0.8020517276378544,-0.7936203467227213,-0.7829789159249316,-0.8607842812282144,-0.007871378696336834,1.3040328652739972,0.13513532364245504,0.39739438390257165,1.005393013735418
2024-06-11,-0.5848210008914675,-1.4610171356966992,-1.2084347576132068,-1.1093903046526095,-0.2843590521780016,1.140038254614981,-0.01615299959304434,0.07303554980171569,0.75916770767719
2024-06-12,-0.2639119727433963,-0.8859936047121992,-1.0504083021289903,-0.6215243489099996,0.13590221151412885,1.2701644130726788,0.3659469962709734,0.30333032201332344,1.251618319793646
2024-06-13,-1.5179257135066289,-1.0545748005429965,-0.8903558664462584,-0.9710681562811415,0.14143196498376215,0.3075873505088883,-0.22368954556994736,0.9552915785560441,1.7024000339617866
2024-06-14,-1.5277998374496464,-0.8698282845640406,-0.7971607773145409,-1.2888352538912706,0.07783980008297924,0.07229073521551728,-0.19653523114306282,0.9455608135330182,1.2591944830569761
2024-06-17,-1.3155061726747685,-0.32020739952664695,-0.5236534505149355,-1.3654732009619488,0.9432462180805901,-0.052487772894603685,0.08276628867632063,1.4385862413663195,1.5433006054318548
2024-06-18,-0.7452755149655033,-0.11005823760058468,-0.43248434158173366,-0.5131096920783086,1.0897846850258726,0.10259408718511809,-0.16550172894090912,1.2245094108597545,1.5963337482751654
2024-06-19,-1.0760586670565921,-0.6550604597385044,-0.5378353119045446,-1.088828904219013,0.43450889887432687,-0.15587567961441823,-0.3691590871425429,0.6633686278652737,0.6834060750438891
2024-06-20,-0.6243174966635379,-1.2254653278235308,-0.2886397474871264,-0.8663919358919226,0.5755176123499759,0.14537528996573099,0.13125613586718582,0.2481893202161779,0.8387174219421559
2024-06-21,-0.6712195853928714,-0.7266497346803498,-0.051600064260801735,-0.5897476391489868,0.6750531748033752,0.2933269495820173,0.3737053718215118,0.32603544040038335,0.7326511362555348
2024-06-24,-0.28612875161518586,-0.5742338589977112,0.10237443082638353,-0.004682335902102208,-0.06040403665785316,0.43593095885072697,-0.24890426610919722,-0.09887463227173802,0.1606508098741128
2024-06-25,-0.6144433727205203,0.03312031228310611,0.40019352000817604,-0.8981686456529355,0.03083689559109624,0.5945779191621666,0.37176577793387716,0.01140737132255302,-0.43028992466563437
2024-06-26,-1.1525831276149785,-0.7104844145321911,0.005127381297634932,-1.5150106586608332,-0.19311811992905226,0.2505457468014044,0.25151095690053155,-0.4297206430546112,-0.7863695980421487
2024-06-27,-0.5403874431478884,0.7328477415534014,-0.033366242474161374,-1.7916549554037684,0.0031881282429297372,-0.2681763369135271,0.3834033412596848,-0.45566934978267964,-0.744700700093833
2024-06-28,-0.029401529096728763,0.3541173837965419,0.2826866684942715,-2.1804523454208677,-0.4474867795321838,-0.3929548450236481,0.16228963806933952,-0.4589129381236882,0.13792232008412258
2024-07-01,-0.18985604317076443,-0.4749326066590225,-0.3777828762218126,-2.5842034812078554,-0.925810454655464,-0.9401977305923216,0.3174571490801082,-1.0362716628232118,-0.7560649449888284
2024-07-02,-0.23182106992858917,-1.0476468061937856,-0.9612651733943042,-2.05147628815558,-0.934105084859914,-1.10062724101962,0.3349134940688196,-0.8676050690907668,-0.17648845534407626
2024-07-03,0.9654164581622925,0.568885208622078,0.11047835162044592,-1.0121909571483347,-0.7101500693397654,-0.587252807652265,0.24763176912526233,-0.4037719363265427,0.27808134045572924
2024-07-04,1.5430527088288208,0.14165889042074267,0.14897197539224222,-0.6084398213613472,-0.8953968105724808,-0.21113473320604323,0.03815562926072467,-0.5043231748978081,-0.08178641455245012
2024-07-05,1.4220946905268554,0.34257072654785714,0.22595922293583484,0.36168443546016416,-0.4751355468803503,-0.4892125512800271,0.005182533170936331,-0.3324129928243544,-0.9265286184137553
2024-07-08,1.3529758229257325,0.9268315833313049,0.8904807280489503,1.1131101603970572,0.45386303601804334,0.284414199002723,-0.06270325289627493,-0.17672075245594346,-0.20679310839739662
2024-07-09,0.97529058210531,1.0492261501673632,0.8519871042771536,0.3317769439203873,0.17461048580156194,0.6747926743758157,-0.3420047727156584,-0.5594641766949536,-0.3280117206106781
2024-07-10,0.05699705540467507,0.18322685651600773,0.5602459556909081,-0.15795823004345855,0.260321664580878,0.6052732198573197,-0.21787076390704352,0.09249707984776703,0.38793570777401554
2024-07-11,-0.774897886794556,0.6127625061670801,1.4354694014496454,-0.18599650336199935,-0.11846644808900277,0.4894074623264932,-0.9607352228710981,-0.27727199102720884,-0.1386076390274258
2024-07-12,-0.7304643290509769,0.07468827837837116,1.0525591439301976,-0.6308704400161799,0.4206845152002437,1.0134771963890012,-0.832722026287214,0.017894548004570146,0.846293585205486
2024-07-15,-1.1155551628286624,-0.1885755068916409,0.8013375993142638,-1.0794828131128327,0.45939278948767664,0.8441349353824084,-0.7105276113662339,0.6958045112753592,1.2175255851086606
2024-07-16,-1.2513243670451544,0.17398953071705991,0.9958316983717611,-0.6626471497771929,0.7275858327648915,1.3931603710669407,-0.2566626416597357,2.1781243831162715,2.009234646126655
2024-07-17,-0.342904964287537,0.0862349356270559,0.2381151041269284,0.16541652223037862,-0.25947516156465184,0.6747926743758157,-0.596091571995792,0.44604820901770004,-0.2787666593990325
2024-07-18,0.41493404833906233,-1.163113378680633,-1.1476553516577388,0.4738375287343274,-0.2981834358520849,0.5125806138326585,0.011001314833840158,0.358471323810469,0.10761766703080218
2024-07-19,-0.2565063797861331,-1.0892147722890508,-1.4819420844128122,0.36355365368140025,-0.6631471648478824,0.4145403574604206,0.05367238036180152,-0.07616951388467809,-0.5287800470889256
2024-07-22,-0.14048542345567652,-4.347681447867885,-2.8515046986093546,0.144855121796782,-1.4649614179447104,0.1079417375326947,0.28448405299031976,-0.7151564170633645,-0.7484887817254983
2024-07-23,0.1977033215926756,-4.94117963045028,-2.7218419659043565,-0.0607588825391838,-1.5976755012159094,-1.0489332876597128,-0.42734690377158113,-1.853655924757369,-1.5174693529535024
2024-07-24,-0.5601356910339237,-4.925014310302122,-2.0249047776149918,-0.7972308617061886,-1.53131845958031,-1.0792366396293136,-0.5999707597710612,-1.8633866897803946,-1.1613896795769882
2024-07-25,-0.16270220232746607,-3.6941406475923277,-0.5905107970659501,0.04391733785003517,-2.1617103551185055,-1.3038379542275313,-1.0092250700619634,-1.6006560341587015,-1.2750321285269397
2024-07-26,0.6395703680427124,-2.495597625178852,0.08819256943677435,0.42710707320342595,-2.111942573891806,-1.4660500147706885,-1.1391778605334821,-1.1984510798736399,-0.8848597204654398
2024-07-29,0.6593186159287474,0.6219998319660278,1.220715500406992,0.5074834567165762,-1.3488365950824113,-0.9722836326777812,-1.3835666903754427,-0.8254384206576556,-0.6689390674605323
2024-07-30,0.9160458384472044,1.5295670917126483,1.3584821539060525,0.815904463220525,-1.655737912647059,-0.7084662155306682,-1.3777479087125386,-0.6989384753583215,-0.5931774348272313
2024-07-31,0.4717102610114134,1.4348845022734336,0.3414400942512238,0.7747816623533319,-0.917515824451014,-0.26639378679766823,-0.7338027380178492,-1.2925151417628882,-0.2560381696090422
2024-08-01,-0.7230587360937136,0.44187197888654595,-1.2692141635686747,-0.84396131723709,-0.2235317640120354,-0.6407293111280312,-0.7900509607592527,-2.3012711158165504,-1.062899557153697
2024-08-02,-1.4216530050622074,-0.9160149135587795,-1.6257866785074193,-0.8047077345911329,-3.0409411567901996,-1.622914424966269,-1.748210341250749,-3.3684116800083665,-2.13871474054657
2024-08-05,-1.118023693814417,-0.3710126914208598,-1.5812151141400765,-1.0832212495553049,-2.9939382522983164,-2.398323725364878,-2.176860590417997,-3.9133345212978043,-3.051642413777846
2024-08-06,-0.9230097459398197,-1.1538760528816852,-1.6460464804925752,-0.8719995905556307,-2.5156145771750364,-1.6781734785578941,-1.2943453715442506,-3.4203090934645037,-2.282661842549842
2024-08-07,-0.5551986290624149,-0.8906122676116731,-1.5406955101697644,-0.9748065927236137,-3.303604446597781,-2.1665922103032247,-3.7944818927052597,-2.0125917534667885,-2.233416781338196
2024-08-08,-0.29106581358669464,0.3979946813415439,-0.5033936485297795,-0.6028321666976392,-2.2888946849200713,-0.6674675628659142,-3.0419194643030325,-0.6665025919482361,-0.9341047816770854
2024-08-09,0.2520110032792723,1.1600740597547365,0.2482450051195064,-0.5261942196269609,0.6971721886819084,2.088354916251901,-2.095397647137344,0.42658667897164865,-0.01738902681414432
2024-08-12,-0.23428960091434356,0.6243091634157648,0.3941155794126292,-0.15048135715851432,0.19949437641491174,2.195307923203433,-1.9150154155873254,0.2871123803082807,0.4409688506173262
2024-08-13,-0.562604222019678,1.3101806039876382,0.2907905892883339,-0.48320220053853175,0.9626003552243066,1.8263200492206466,-2.1225519615642283,-0.046977218815601046,-0.6272701695122167
2024-08-14,-0.43917767273195835,0.6843517811089255,0.5582199754923924,-0.30001881485739856,1.9773101169020164,2.332564282124566,0.44934953343926143,0.12493296325785266,0.5280947281456223
2024-08-15,0.04959146244741188,0.03312031228310611,0.5420121339042678,0.31495397992926283,1.6952926899507181,2.001009960574816,0.6122754200005686,0.6925609229343508,0.75916770767719
2024-08-16,-0.1972616361280276,-0.4171993204155987,-0.13669123259845675,0.20653932309757178,1.156141726661472,-0.011489120229849652,0.10216222755266673,0.25467649689819505,0.8614459117321462
2024-08-19,0.3235984018661497,0.28252810885469654,-0.06375594545189531,-0.0607588825391838,1.8556555405700836,1.0509107488220375,0.8372683109661831,1.4548041830713623,1.3842011769019227
2024-08-20,0.41493404833906233,-0.26478344473296017,0.17125775757591374,-0.04767435499053142,0.7884131209308578,0.24876319668554556,-0.025850969031217384,0.87420187003083,1.0697904014737236
2024-08-21,0.3433466497521849,0.17168019926732297,0.17530971797294495,-0.01776686345075458,1.023427643390273,0.4216705579238561,0.13513532364245504,0.9779966969431041,1.3084395442686216
2024-08-22,0.10143061314825418,-0.23707146733611684,0.325232252663099,-0.48320220053853175,0.7579994768478746,-0.031097171504297232,-0.6659169519506379,0.19304831841903242,0.6758299117805591
2024-08-23,0.6617871469145019,0.6058345118178692,0.42855724278739443,-0.18973493980447145,1.3607426050379037,0.8120490332969488,-0.01615299959304434,0.4655097390637514,0.5849159526205979
2024-08-26,0.33100399482341286,0.16244287346837522,0.5724018368820017,0.20467010487633572,0.45939278948767664,0.06694308486794066,-0.6639773580630033,-0.2934899327322516,-0.11209106760577049
2024-08-27,0.8222416609885375,1.2570659806436884,1.7373404510284691,0.7187051157162503,1.0787251780866058,0.8191792337603843,-0.21205198224413968,0.42658667897164865,0.8159889321521657
2024-08-28,0.8321157849315551,1.4002445305273792,1.2754169657669134,0.6289826410969197,0.9294218344065068,0.7211389773881464,-0.1305890389634862,0.18007396505499815,-0.12724339413243066
2024-08-29,1.3900037877120484,1.6404150013000218,1.3686120548986307,1.0159108128927827,0.644639530720392,0.890481238394739,0.08858507033922447,0.822304456574693,0.08110109560914688
2024-08-30,0.8716122807036255,1.1577647283049997,1.1153645300841812,1.4794769317593237,0.31008944580757763,-0.029314621388438378,-0.029730156806486593,1.133688937311515,0.17580313640077297
2024-09-02,0.7975563511309935,1.4903084570671201,1.1113125696871502,1.3448932198303278,0.5533985984714428,0.10437663730097696,0.16228963806933952,1.221265822518746,0.4977900750923019
2024-09-03,0.04712293146165748,0.6012158489183953,0.27458274770020913,1.0028262853441303,-0.7377988366879319,-0.6656850127500553,-0.398252995457062,0.21575343680609235,-0.733336455198838
2024-09-04,-0.23182106992858917,0.10470958722495148,0.37790773782450454,0.7373972979286108,-0.9589889754732637,-0.7655078192381521,-0.48747431428825394,0.07952272648373278,-0.7598530266204933
2024-09-05,0.09896208216249978,0.6104531747173432,0.0679327674516184,0.8383350818753577,-1.0308757705784966,-0.8760259264214021,-0.17907888615435139,-0.5497334116719279,-0.5552966185105808
2024-09-06,-0.35524761921630893,0.10009092432547759,0.02538718328279088,-0.32431865173346724,-1.4539019110054439,-1.0275426862694064,-0.6057895414339651,-1.2049382565556572,-1.3962507407402212
2024-09-09,-0.05408683895427271,0.24096014275943142,0.17936167836997613,-0.21777321312301223,-0.9451645917991806,-0.9508930312874748,-0.2624814233226395,-1.0687075462332976,-1.0780518836803572
2024-09-10,0.2791648441225706,0.09085359852652981,-0.20152259895095578,-0.019636081671990633,-0.04104989951413661,-0.8867212271165554,-0.082099191772621,-0.9357204242519466,-1.146237353050328
2024-09-11,0.469241730025659,0.46958395628338934,0.19354353975958533,0.4925297109466878,0.01424763518219634,-0.8243319730614949,0.020699284272013205,-0.527028293284868,-0.7409126184621682
2024-09-12,-0.48607976146129184,-1.3224572487124824,0.20367344075216332,0.012140628089022273,0.45939278948767664,-0.5444716048716521,0.0944038520021283,0.008163782981544456,-0.24467392471404711
2024-09-13,0.4223396412963255,-1.0522654690932596,0.4184273417948164,0.5729060944598381,1.2335582752363379,0.32006520131990035,0.4842622234166844,0.3649585004924861,0.39551187103734564
2024-09-16,0.30138162299436017,-1.1400200641832636,0.11250433181896152,0.28878492483195806,1.023427643390273,0.24163299622211004,0.09246425811449369,0.3227918520593748,0.2894455853507244
2024-09-17,1.288794017296118,-0.140079546447165,1.1984297182233206,0.8850655374062589,1.2390880287059713,0.8423523852665495,1.073898765257605,1.2018042924726948,1.482691299325214
2024-09-18,1.5208359299570313,-0.3363727196748056,0.8823768072548877,0.8215121178842332,1.194850000948905,1.1970798583224649,0.9749794769882403,1.4029067696152253,1.414505829955243
2024-09-19,2.5131853862302975,1.89906012367056,1.3908978370823022,1.6439681352280966,0.7911779976656744,1.2398610611030778,1.7779713464689677,1.7078040736700302,1.3804130952702574
2024-09-20,1.8343393651478395,1.4279565079242227,1.0485071835331665,1.3318086922816754,0.6667585445989253,0.933262441175352,2.107702307366851,1.5456246566196021,1.100095054527044
2024-09-23,1.6837589750168214,1.2986339467389534,0.9451821934088712,0.6252442046544476,0.5644581054107094,0.9314798910594931,1.7896089097947752,1.059086405468318,0.8728101566271413
2024-09-24,0.4346822962250975,0.6474024779131343,-0.4041206188025153,-0.19721181268941565,0.6667585445989253,1.072301350212344,1.3803545995038733,1.3964195929332084,1.1228235443170345
2024-09-25,0.7975563511309935,1.1277434194584195,0.2583749061120844,0.7579586983622074,0.7552346001130581,0.5910128189304488,1.207730743504393,0.6925609229343508,0.8311412586788258
2024-09-26,0.6445074300142212,0.4257066587383873,0.0010754209006037369,0.6551516961942244,1.4741025511653862,0.5910128189304488,-0.029730156806486593,0.6049840377271196,0.9713002790504326
2024-09-27,1.46405971728468,-0.30635141082822526,0.7040905497855154,1.1075025057333494,0.9957788760421065,0.4733645112837633,-0.5379037553667538,0.9228556951459586,1.3728369320069276
2024-09-30,1.2270807426522583,-0.18626617544190396,0.16923177737739814,1.4420925673346028,0.520220077653643,0.33967325259434794,-0.43898446709738875,0.7055352762983851,0.7174988097288746
2024-10-01,0.7432486694443969,-0.8605909587650928,-0.4486921831698584,0.06260952006239569,-0.7626827273012817,-0.3270004907368698,-0.991768725073252,-0.3972847596445256,-0.040117516604134616
2024-10-02,-0.8983244360822757,-1.79356086445882,-1.5609553121549202,-1.9748383410849017,-0.5912603697426495,0.12576723869128342,-0.7784133974334452,0.21250984846508378,0.41066419756400585
2024-10-03,-1.5722333951932257,-2.2000031996125227,-2.0350346786075697,-2.4440121146151514,-1.323952704469061,-0.3483910921271763,-0.6988900480404262,-0.38431040628049135,-0.5969655164588964
2024-10-04,-1.6462893247658574,-1.0845961093895768,-1.8851121439174159,-2.1318526716687303,-0.6493227811737992,0.04198738324591649,0.13707491753008966,-0.024272100428541138,-0.3696806185589936
2024-10-07,-1.1229607557859256,-1.6665476347232877,-1.2489543615835186,-1.7542705909790475,-0.5331979583115,0.2059819939049326,0.41831603123710775,0.6309327444551881,0.06216068745082163
2024-10-08,-0.2614434417576419,-0.5765431904474482,-0.4223544405891557,-0.0009438994596300992,0.6335800237811255,0.5143631639485173,0.9807982586511439,1.1596376440395832,0.45233309551232126
2024-10-09,1.2789198933531005,0.3333334007489094,0.45489498536809714,1.3972313300249375,0.8630647927709073,0.4537564600093157,1.3260459706501042,1.4775093014584224,0.6341610138322434
2024-10-10,1.6097030454441896,0.17860819361653382,0.5764537972790329,1.520599732626517,0.9847193691028399,0.33610815236263025,1.0583820141565283,1.2115350574957202,0.5659755444622727
2024-10-11,0.9037031835184326,0.11163758157416233,-0.00702849989345863,0.6345902957606279,0.38474111764762714,-0.17904883112058353,0.5734835422478763,0.7963557498466245,0.4485450138806563
2024-10-14,0.8345843159173095,1.053844813066837,0.3515699952438017,0.5859906220084905,0.5921068727588757,-0.22183003390119646,0.5734835422478763,0.5887660960220766,0.5887040342522629
2024-10-15,1.3702555398260132,0.49267727078075874,0.8702209260637943,0.8607657005301903,0.22990802049789488,-0.23965553505978518,0.00712212705857094,0.28062520362626353,0.04322027929249638
2024-10-16,1.03700385674917,0.4511093046854937,1.0991566884960564,0.5803829673447823,0.03360177232591289,-0.38047699421263603,-0.15386416561510147,-0.1410412807048493,-0.18406461860740636
2024-10-17,1.1900527778659424,0.6820424496591885,1.0322993419450417,1.2103095079013322,0.2769109249897779,0.6926181755344045,0.36400740238333873,0.27738161528525496,0.13792232008412258
2024-10-18,1.2961996102533813,0.9152849260826204,0.906688569637075,1.4383541308921306,0.16908073233192863,0.9261322407119165,0.19138354638385868,0.1411509049628954,-0.15754804718575102
2024-10-21,0.8395213778888183,0.3841386926431222,0.10440041102489914,1.3037704189631347,0.16908073233192863,1.3592919188656223,0.23987339357472387,0.19629190676004096,-0.3961971899806489
2024-10-22,0.32853546383765847,0.4742026191828632,-0.27040592570048605,0.4551453465219668,0.19396462294527844,1.0259550472000134,0.23211501802418544,0.387663618879546,0.05458452418749153
2024-10-23,-0.21207282204255398,0.10470958722495148,-0.766771074336807,0.46449143762814704,-0.4115433819795674,0.7371819284308762,-0.5689372575689076,-0.8124640672936214,-0.903800128623765
2024-10-24,-0.1429539544414309,-0.17471951819321924,-0.6249524604407153,0.004663755204078054,-0.4585462864714504,0.12220213845956568,-0.5708768514565421,-0.7086692403813474,-0.7863695980421487
2024-10-25,-0.11333158261237818,-0.27863943343138187,-0.6593941238154803,0.14111668535430993,-0.2760644219735517,-0.2877843881879747,-0.37109868103017757,-0.6502846502431934,-0.6954556388821875
2024-10-28,0.7185633595868529,0.0769976098281081,0.3961415596111449,1.240216999441109,-0.3590107240180511,-0.7173789661099627,-0.30515248885060087,-0.5205411166028509,-0.23330967981905196
2024-10-29,-0.8736391262247318,-0.5927085105956068,-0.24001622272275214,0.7673047894683876,0.05848566293926268,-0.4107803461822368,0.20883989137257014,-0.42323346637259407,-0.10451490434244039
2024-10-30,-1.0242195163557497,-0.2601647818334863,0.10034845062786793,0.5972059313359068,0.7109965723559917,0.16141824100846083,0.5676647605849725,0.5855225076810682,0.5280947281456223
2024-10-31,-1.337722951546558,-0.26247411328322323,-0.14682113359103474,0.01587906453149437,1.894363814857517,-0.6122085092742893,0.19332314027149328,-0.29997710941426875,-0.3242236389790131
2024-11-01,-1.979541007842701,0.15551487911916437,0.46097292596364386,-0.5934860755914588,2.2952709414059314,-0.03822737196773272,0.16616882584460876,-0.416746289690577,-0.21058119002906167
2024-11-04,-2.5127437007656503,-0.7890016838232474,0.04159502487091566,-1.088828904219013,2.46945817569938,0.19885179344149712,0.04979319258653232,-0.9811306610260664,-0.8697073939387796
2024-11-05,-1.174799906486768,0.7721063761989295,0.9168184706296528,-0.9673297198386694,2.787419000203294,0.5214933644119528,-0.09955553676133247,-0.7443487121324416,-0.8204623327271341
2024-11-06,-0.22441547697132597,0.4233973272886503,0.6169734012493447,-0.5729246751578623,3.072201303889409,1.0313026975475899,0.5211145072817419,1.2472145292468146,1.005393013735418
2024-11-07,-0.4169608938601688,1.494927119966594,0.9168184706296528,-2.1860600000845762,1.1893202474792717,1.8797965526964127,1.7042667787388526,1.9770219059737406,1.5698171768535099
2024-11-08,0.5827941553703613,-0.019994311060843702,0.6797787874033282,-2.118768144120078,0.8741242997101738,2.236306575868187,-0.3691590871425429,2.291649975051571,1.5243601972735297
2024-11-11,0.8987661215469238,1.1092687678605238,0.5663238962864549,-2.1785831271996314,1.4160401397342368,2.416344137569933,-0.029730156806486593,3.5047520145887723,2.486532931716451
2024-11-12,0.4297452342535887,-0.5003352526061289,-0.6958617673887612,-2.550557553225606,0.3515625968298275,1.6997589909946669,-0.7551382707818298,3.066867588552617,2.134241339971602
2024-11-13,-0.42436648681743194,-0.7451243862782454,-0.6837058861976676,-2.769256085110224,-0.3313619566698846,0.7264866277357229,-1.2264595854770395,0.9747531086020955,0.6871941566755542
2024-11-14,0.032311745547131114,-1.1746600359293178,-0.8457843020789151,-0.5411479653968494,0.02530714212146294,0.6801403247233924,-1.7908814067787102,0.28062520362626353,0.31975023840404476
2024-11-15,0.4544305441111326,-0.5003352526061289,-0.2866137672886108,-0.12618152028244564,-0.07699329706675304,-0.09348642555935774,-0.4098905587828697,-0.4589129381236882,-0.12724339413243066
2024-11-18,-0.2392266628858523,-0.8883029361619362,-0.7728490149323537,-0.44021018145010254,-0.5166086979026,-0.53199375406064,-0.8404804018377525,-0.7313743587684074,-0.44544225119229447
2024-11-19,-0.06149243191153589,-0.32020739952664695,0.0719847278486496,0.045786556071271224,-0.5083140676981501,-0.6353816607804545,-0.3614007115920045,-0.9908614260490921,-0.37346870019065864
2024-11-20,0.06440264836193825,-0.4241273147648096,-0.23191230192868975,-0.49441750986594807,-0.09634743421046958,-0.2735239872611037,0.25926933245106987,-0.9389640125929551,-0.6196940062488866
2024-11-21,-0.4910168234328006,-1.2185373334743197,-0.3332113118544695,-0.6103090395825833,1.0787251780866058,-0.029314621388438378,-0.2935149255247932,0.01140737132255302,0.02806795276583623
2024-11-22,-1.3451285445038212,-1.0638121263419442,-0.8761740050566491,-0.7635849337239398,0.8658296695057238,0.19885179344149712,0.6025774505623954,0.4914584457918199,0.4333926873539961
2024-11-25,-0.33549937133027374,-0.5880898476961329,0.4265312625888788,0.03270202852261885,0.24373240417197814,0.21132964425250925,1.1766972413022394,0.6049840377271196,0.42960460572233117
2024-11-26,-0.3700588051308353,-0.9645108740032554,0.43260920318442564,0.012140628089022273,1.0649007944125226,0.7763980309797713,1.108811455235028,0.8839326350538558,0.22504819761241862
2024-11-27,-0.02446446712521997,-0.13315155209795415,0.740558193358796,-0.042066700326823254,0.8824189299146239,0.42701820827143266,0.3290947124059158,0.4752405040867772,-0.22573351655572185
2024-11-28,0.856801094789099,0.437253315987072,1.492196847008082,0.10186310270835279,-0.19311811992905226,-0.015054220461567397,0.6258525772140108,0.02113813634557871,-0.47953498587728
2024-11-29,1.1801786539229249,0.47882128208233715,1.305806668744647,0.1579396493454344,-0.12399620155863605,-0.18083138123644243,-0.279937768311351,0.3227918520593748,-0.20300502676573157
2024-12-02,0.5976053412848875,0.13473089607153182,0.2016474605536477,-0.70190073242315,0.36815185723872723,-0.06140052347389805,-0.5786352270070806,-0.42323346637259407,-0.7409126184621682
2024-12-03,1.0345353257634156,0.5527198884739194,0.8013375993142638,-0.5131096920783086,-0.25947516156465184,-0.40008504548708357,-0.4118301526705043,-0.5919000601050391,-0.5628727817739109
2024-12-04,0.6025424032563963,0.19708284521442943,0.9330263122177775,-0.10375090162761301,-0.15164496890680254,0.17389609181947296,0.005182533170936331,0.23197137851113508,0.2742932588240642
2024-12-05,1.150556282093872,1.4879991256173832,0.7446101537558273,0.5560831304687137,0.08613443028742919,0.43414840873486815,-0.3807966504683506,0.5563302126119912,0.4826377485656417
2024-12-06,1.3332275750396974,1.277849963691321,0.6777528072048127,0.6065520224420871,0.31285432254239437,0.43593095885072697,0.011001314833840158,0.1670996116909639,0.4826377485656417
2024-12-09,1.2073324947662232,0.790581027796825,1.0485071835331665,0.9336652111583963,-0.6078496301515495,0.2826316488868641,-0.13640782062639,-0.1410412807048493,-0.3393759655056732
2024-12-10,0.9259199623902221,0.8113650108444577,0.33131019325864586,1.242086217662345,-0.3645404774876844,0.3058048003930294,0.012940908721474768,0.0860099031657499,0.1417104017157876
2024-12-11,1.1308080342078368,0.7351570730031384,0.2928165694868495,1.2925551096357184,0.05295590946962944,0.03663973289833987,-0.13834741451402463,0.01140737132255302,0.17201505476910794
2024-12-12,0.4889899779116942,-0.7266497346803498,0.13884207439966423,0.8962808467336754,-0.3092429427913515,-0.7548125185429989,0.05755156813707074,-0.5010795865567994,-0.1916407818707364
2024-12-13,0.3433466497521849,-0.6850817685850846,0.3151023516705211,1.06451048664492,-0.6354983974997159,-0.8742433763055433,-0.9510372534329252,-0.8351691856806811,-1.1045684551020125
2024-12-16,0.0915564892052366,-0.6850817685850846,-0.0029765394964274355,0.7916046263444563,-0.2428859011557519,-0.8047239217870474,-0.8210844629614065,0.16385602334995533,0.18716738129576813
2024-12-17,-0.7033104882076785,-0.5118819098548136,-0.10022358902517603,0.7205743339374863,-0.4198380121840174,-0.8867212271165554,-0.9549164412081943,-0.024272100428541138,-0.7825815164104836
2024-12-18,-1.1476460656434695,-1.036100148945101,0.011205321893181724,1.933696959519685,-2.0842938065436396,-1.4696151150024062,-1.684203742958807,-1.7920277462782064,-2.3925162098681283
2024-12-19,-2.004226317700245,-0.6388951395903458,-0.4486921831698584,0.8981500649549113,-1.7718627355093584,-0.6496420617073255,-1.2516743060162894,-1.4514509704723078,-1.7712708222750606
2024-12-20,-1.949918636013648,-0.4726232752092855,-0.6330563812347777,0.0345712467438549,-1.2022981281371288,0.018814231739751143,0.377584559596781,-0.578925706741005,-0.7674291898838234
2024-12-23,-1.673443165609156,-0.4379833034632313,-0.4912377673386859,0.4532761283007307,-0.7350339599531153,0.45732156024103343,0.23405461191182,-0.9811306610260664,-0.6121178429855565
2024-12-27,-1.1106181008571538,-0.7820736894740365,-0.6127965792496217,0.33364616214162335,-0.8871021803680308,0.3878021057225375,0.06337034979997457,-0.8740922457727839,-0.31664747571568297
2024-12-30,-0.2515693178146243,-0.18626617544190396,-0.8194465594982124,-0.6084398213613472,0.008717881712563038,0.8851335880471625,0.5443896339333573,0.0860099031657499,0.6190086873055832
