Datum,EXV9_ETF_Kurs,DAX_Kurs,VIX_Kurs,BrentOil_Kurs,WTIOil_Kurs,EUR_USD_Kurs,EUR_CHF_Kurs,EUR_GPB_Kurs,EUR_TRY_Kurs,Lufthansa_Kurs,Ryanair_Kurs,EasyJet_Kurs,Air France-KLM_Kurs,Booking_Kurs,Expedia_Kurs,Uber_Kurs,Airbnb_Kurs,PrimeEnergyOil_Gas_Kurs,Marriott_Hotels_Kurs,Hilton_Hotels_Kurs,AWAY-ETF_Kurs,Article Count,All Articles,News_Sentiment,Mallorca,wellness,airbnb,hotel,camping,vacation_christmas_block,vacation_easter_block,vacation_summer_wave,vacation_autumn_wave,vacation_winter_ski_wave,holiday,Inflation,EXV9_ETF_Kurs_return_1d,EXV9_ETF_Kurs_return_5d,DAX_Kurs_return_1d,DAX_Kurs_return_5d,VIX_Kurs_return_1d,VIX_Kurs_return_5d,BrentOil_Kurs_return_1d,BrentOil_Kurs_return_5d,WTIOil_Kurs_return_1d,WTIOil_Kurs_return_5d,EUR_USD_Kurs_return_1d,EUR_USD_Kurs_return_5d,EUR_CHF_Kurs_return_1d,EUR_CHF_Kurs_return_5d,EUR_GPB_Kurs_return_1d,EUR_GPB_Kurs_return_5d,EUR_TRY_Kurs_return_1d,EUR_TRY_Kurs_return_5d,Lufthansa_Kurs_return_1d,Lufthansa_Kurs_return_5d,Ryanair_Kurs_return_1d,Ryanair_Kurs_return_5d,EasyJet_Kurs_return_1d,EasyJet_Kurs_return_5d,Air France-KLM_Kurs_return_1d,Air France-KLM_Kurs_return_5d,Booking_Kurs_return_1d,Booking_Kurs_return_5d,Expedia_Kurs_return_1d,Expedia_Kurs_return_5d,Uber_Kurs_return_1d,Uber_Kurs_return_5d,Airbnb_Kurs_return_1d,Airbnb_Kurs_return_5d,PrimeEnergyOil_Gas_Kurs_return_1d,PrimeEnergyOil_Gas_Kurs_return_5d,Marriott_Hotels_Kurs_return_1d,Marriott_Hotels_Kurs_return_5d,Hilton_Hotels_Kurs_return_1d,Hilton_Hotels_Kurs_return_5d,target_return_5d,target_trend_5d
2026-01-02,24.93,24539.34,14.51,60.75,57.32,1.18,0.93,0.87,50.48,8.25,72.02,513.66,12.27,212.44,281.73,82.86,133.01,61.28,312.19,292.71,20.64,65.00,164611.00,0.00,2.00,4.00,9.00,84.00,8.00,1.00,0.00,0.00,0.00,0.00,0.00,152.81,0.36,-0.22,0.20,1.03,1.26,-2.68,-1.89,0.46,-1.09,1.16,-0.19,0.21,0.20,-0.04,0.07,-0.45,-0.28,0.65,2.09,0.14,-0.71,0.00,0.63,-0.35,7.30,5.23,-1.92,-1.31,-0.72,-2.18,0.90,4.48,-2.85,-1.68,-0.63,-0.34,-0.17,1.05,0.88,0.25,0.24,1
2026-01-05,25.00,24868.69,14.90,61.76,58.32,1.17,0.93,0.87,50.39,8.32,73.33,514.86,11.89,214.21,286.24,80.74,135.87,61.72,309.82,285.50,20.73,91.00,180929.00,0.00,3.00,5.00,10.00,79.00,7.00,1.00,0.00,0.00,0.00,0.00,0.00,152.81,0.28,-0.10,1.34,2.41,2.69,5.82,1.66,-0.50,1.74,0.53,-0.39,-0.03,-0.22,-0.33,-0.12,-0.48,-0.18,0.45,0.86,1.43,1.82,0.97,0.23,0.39,-3.14,2.32,0.83,-0.73,1.60,-0.63,-2.56,-0.64,2.15,-0.79,0.72,-0.55,-0.76,-0.87,-2.46,-2.32,-1.71,0
2026-01-06,25.20,24892.20,14.75,60.70,57.13,1.17,0.93,0.87,50.44,8.56,71.10,522.06,12.14,213.45,297.93,85.54,138.02,61.90,320.61,293.01,20.97,87.00,137632.00,0.00,3.00,5.00,10.00,79.00,7.00,1.00,0.00,0.00,0.00,0.00,0.00,152.81,0.81,1.16,0.09,2.27,-1.01,5.36,-1.72,-2.69,-2.04,-2.14,0.09,-0.43,-0.07,-0.34,-0.62,-0.90,0.10,0.12,2.93,5.82,-3.05,-1.68,1.40,3.04,2.06,7.06,-0.35,-1.67,4.08,3.81,5.95,5.64,1.58,1.12,0.29,0.19,3.48,2.48,2.63,0.65,-3.17,0
2026-01-07,25.06,25122.26,15.38,59.96,55.99,1.17,0.93,0.87,50.31,8.82,71.02,504.46,12.05,217.33,295.91,86.19,137.04,61.35,318.02,293.23,21.10,82.00,178364.00,0.00,3.00,5.00,10.00,79.00,7.00,1.00,0.00,0.00,0.00,0.00,0.00,152.81,-0.55,1.35,0.92,3.17,4.27,8.31,-1.22,-3.20,-2.00,-3.60,-0.23,-0.72,0.22,0.10,0.02,-0.74,-0.26,-0.48,2.96,9.61,-0.11,-1.70,-3.37,-0.24,-0.70,5.93,1.82,0.08,-0.68,3.61,0.76,5.75,-0.71,0.31,-0.89,-0.44,-0.81,1.54,0.08,0.39,-3.97,0
2026-01-08,25.12,25127.46,15.45,61.99,57.76,1.17,0.93,0.87,50.34,8.72,70.09,505.26,11.87,217.30,300.02,87.59,138.66,61.98,323.64,298.05,21.13,67.00,187056.00,-0.77,3.00,5.00,10.00,79.00,7.00,0.00,0.00,0.00,0.00,0.00,0.00,152.81,0.24,1.14,0.02,2.60,0.46,7.82,3.39,0.11,3.16,-0.33,-0.10,-0.82,0.15,0.28,0.21,-0.44,0.07,-0.55,-1.13,7.90,-1.31,-3.38,0.16,-1.02,-1.49,3.76,-0.01,0.33,1.39,5.72,1.62,6.66,1.18,1.28,1.02,0.50,1.77,3.49,1.65,2.72,-2.62,0
2026-01-09,24.99,25261.64,14.49,63.34,59.12,1.17,0.93,0.87,50.27,8.53,69.30,502.47,11.36,219.18,295.06,85.44,139.27,61.75,326.90,300.08,21.10,68.00,178962.00,-0.77,3.00,5.00,10.00,79.00,7.00,0.00,0.00,0.00,0.00,0.00,0.00,152.81,-0.53,0.24,0.53,2.94,-6.21,-0.14,2.18,4.26,2.35,3.14,-0.16,-0.79,0.02,0.11,0.00,-0.51,-0.15,-0.41,-2.21,3.36,-1.12,-3.78,-0.55,-2.18,-4.30,-7.45,0.87,3.17,-1.65,4.73,-2.45,3.11,0.44,4.71,-0.37,0.77,1.01,4.71,0.68,2.52,-2.40,0
2026-01-12,24.57,25405.34,15.12,63.87,59.50,1.16,0.93,0.87,50.12,8.44,68.67,491.87,11.24,215.17,290.28,84.67,138.51,61.68,322.09,300.12,21.15,36.00,155352.00,-0.77,3.00,4.00,10.00,85.00,7.00,0.00,0.00,0.00,0.00,0.00,0.00,152.81,-1.67,-1.71,0.57,2.16,4.35,1.48,0.84,3.42,0.64,2.02,-0.29,-0.69,0.01,0.33,0.02,-0.37,-0.31,-0.53,-1.04,1.41,-0.92,-6.37,-2.11,-4.47,-1.01,-5.42,-1.83,0.45,-1.62,1.41,-0.90,4.87,-0.55,1.94,-0.11,-0.06,-1.47,3.96,0.01,5.12,-1.61,0
2026-01-13,24.40,25420.66,15.98,65.47,61.15,1.17,0.93,0.87,50.34,8.36,67.56,489.17,11.27,212.10,298.69,85.41,140.07,61.95,321.70,300.34,20.98,136.00,214908.00,0.56,3.00,4.00,10.00,85.00,7.00,0.00,0.00,0.00,0.00,0.00,0.00,152.81,-0.69,-3.17,0.06,2.12,5.69,8.34,2.51,7.86,2.77,7.04,0.37,-0.41,-0.15,0.25,-0.16,0.09,0.44,-0.20,-0.87,-2.33,-1.61,-4.97,-0.55,-6.30,0.22,-7.13,-1.42,-0.63,2.90,0.25,0.87,-0.15,1.13,1.49,0.44,0.08,-0.12,0.34,0.07,2.50,-1.52,0
2026-01-14,24.07,25286.24,16.75,66.52,62.02,1.16,0.93,0.87,50.24,7.90,67.55,481.77,10.69,207.01,289.52,84.65,132.79,61.61,318.43,299.85,20.32,131.00,192646.00,0.56,3.00,4.00,10.00,85.00,7.00,0.00,0.00,0.00,0.00,0.00,0.00,152.81,-1.36,-3.97,-0.53,0.65,4.82,8.91,1.60,10.94,1.42,10.77,-0.21,-0.39,0.25,0.28,0.08,0.16,-0.19,-0.12,-5.52,-10.38,-0.01,-4.88,-1.51,-4.50,-5.15,-11.29,-2.40,-4.75,-3.07,-2.16,-0.89,-1.79,-5.20,-3.10,-0.55,0.42,-1.02,0.13,-0.16,2.26,0.90,1
2026-01-15,24.46,25352.39,15.84,63.76,59.19,1.16,0.93,0.87,50.31,8.12,68.55,483.87,10.97,207.25,293.02,84.38,132.60,61.96,324.52,301.58,20.25,254.00,191755.00,0.56,3.00,4.00,10.00,85.00,7.00,0.00,0.00,0.00,0.00,0.00,0.00,152.81,1.64,-2.62,0.26,0.90,-5.43,2.52,-4.15,2.86,-4.56,2.48,0.03,-0.26,-0.14,-0.01,-0.08,-0.13,0.13,-0.07,2.75,-6.86,1.47,-2.20,0.44,-4.23,2.57,-7.62,0.12,-4.63,1.21,-2.33,-0.32,-3.66,-0.14,-4.37,0.57,-0.03,1.91,0.27,0.58,1.18,1.02,1
2026-01-16,24.39,25297.13,15.86,64.13,59.44,1.16,0.93,0.87,50.22,8.05,68.28,484.97,10.81,204.17,283.89,84.85,130.66,61.59,324.61,300.57,20.18,92.00,154566.00,0.56,3.00,4.00,10.00,85.00,7.00,0.00,0.00,0.00,0.00,0.00,0.00,152.81,-0.31,-2.40,-0.22,0.14,0.13,9.45,0.58,1.25,0.42,0.54,-0.32,-0.42,0.15,0.11,0.13,-0.01,-0.18,-0.10,-0.90,-5.61,-0.39,-1.47,0.23,-3.48,-1.41,-4.84,-1.49,-6.85,-3.12,-3.79,0.56,-0.69,-1.46,-6.18,-0.60,-0.26,0.03,-0.70,-0.33,0.16,-0.24,0
2026-01-19,24.17,24959.06,15.86,64.13,59.44,1.16,0.93,0.87,50.34,8.10,68.28,483.57,10.58,204.17,283.89,84.85,130.66,61.59,324.61,300.57,20.18,43.00,122748.00,0.56,2.00,5.00,9.00,80.00,8.00,0.00,0.00,0.00,0.00,0.00,0.00,152.81,-0.88,-1.61,-1.34,-1.76,0.00,4.89,0.00,0.41,0.00,-0.10,0.14,0.01,-0.45,-0.35,-0.03,-0.06,0.25,0.45,0.67,-3.99,0.00,-0.56,-0.29,-1.69,-2.13,-5.91,0.00,-5.11,0.00,-2.20,0.00,0.21,0.00,-5.67,0.00,-0.15,0.00,0.78,0.00,0.15,-0.33,0
2026-01-20,24.03,24703.12,20.09,64.92,60.34,1.16,0.93,0.87,50.39,8.03,69.50,476.87,10.59,200.62,270.99,83.72,130.73,60.44,312.62,289.71,19.79,114.00,175050.00,0.56,2.00,5.00,9.00,80.00,8.00,0.00,0.00,0.00,0.00,0.00,0.00,152.81,-0.60,-1.52,-1.03,-2.82,26.67,25.72,1.23,-0.84,1.51,-1.32,0.12,-0.24,0.02,-0.17,0.01,0.11,0.10,0.11,-0.88,-4.00,1.79,2.87,-1.39,-2.51,0.05,-6.08,-1.74,-5.41,-4.55,-9.27,-1.33,-1.98,0.05,-6.67,-1.86,-2.43,-3.69,-2.82,-3.61,-3.54,-0.23,0
2026-01-21,24.28,24560.98,16.90,65.24,60.62,1.17,0.93,0.87,50.80,8.31,70.45,482.97,10.74,206.07,270.40,84.26,133.59,61.02,319.31,296.18,19.93,105.00,164792.00,0.56,2.00,5.00,9.00,80.00,8.00,0.00,0.00,0.00,0.00,0.00,0.00,152.81,1.06,0.90,-0.58,-2.87,-15.88,0.90,0.49,-1.92,0.46,-2.26,0.76,0.73,-0.29,-0.71,0.59,0.62,0.80,1.11,3.45,5.11,1.37,4.29,1.28,0.25,1.51,0.51,2.72,-0.45,-0.22,-6.60,0.65,-0.46,2.19,0.60,0.96,-0.96,2.14,0.28,2.23,-1.22,-1.23,0
2026-01-22,24.71,24856.47,15.64,64.06,59.36,1.17,0.93,0.87,50.67,8.63,70.92,496.57,11.04,205.57,278.46,82.56,133.80,61.00,320.42,295.64,20.21,86.00,171587.00,0.56,2.00,5.00,9.00,80.00,8.00,0.00,0.00,0.00,0.00,0.00,0.00,152.81,1.76,1.02,1.20,-1.96,-7.46,-1.26,-1.81,0.47,-2.08,0.29,-0.47,0.23,0.38,-0.19,-0.31,0.39,-0.26,0.71,3.84,6.23,0.67,3.46,2.82,2.62,2.75,0.68,-0.25,-0.81,2.98,-4.97,-2.02,-2.16,0.16,0.90,-0.03,-1.55,0.35,-1.26,-0.18,-1.97,-3.16,0
2026-01-23,24.33,24900.71,16.09,65.88,61.07,1.18,0.93,0.87,50.93,8.46,70.97,481.77,10.69,203.48,269.98,82.31,132.15,60.99,318.45,297.83,20.08,47.00,112203.00,-0.10,2.00,5.00,9.00,80.00,8.00,0.00,0.00,0.00,0.00,0.00,0.00,152.81,-1.55,-0.24,0.18,-1.57,2.88,1.45,2.84,2.73,2.88,2.74,0.70,1.25,-0.23,-0.56,0.09,0.36,0.51,1.41,-1.89,5.16,0.07,3.94,-2.98,-0.66,-3.22,-1.16,-1.02,-0.34,-3.05,-4.90,-0.30,-2.99,-1.23,1.14,-0.02,-0.97,-0.61,-1.90,0.74,-0.91,-0.92,0
2026-01-26,24.10,24933.08,16.15,65.59,60.63,1.19,0.92,0.87,51.48,8.43,69.00,475.97,10.49,203.83,268.34,81.98,133.39,60.62,315.47,296.84,20.08,64.00,165437.00,0.01,4.00,5.00,9.00,86.00,8.00,0.00,0.00,0.00,0.00,0.00,0.00,152.81,-0.96,-0.33,0.13,-0.10,0.37,1.83,-0.44,2.28,-0.72,2.00,0.88,2.01,-0.54,-0.65,-0.31,0.07,1.09,2.26,-0.39,4.06,-2.78,1.05,-1.20,-1.57,-1.78,-0.80,0.17,-0.17,-0.61,-5.48,-0.40,-3.38,0.94,2.09,-0.61,-1.57,-0.94,-2.82,-0.33,-1.24,2.40,1
2026-01-27,23.98,24894.44,16.35,67.57,62.39,1.19,0.92,0.87,51.54,8.40,68.00,470.57,10.42,205.67,265.60,81.24,132.22,60.50,312.73,295.89,19.93,47.00,127190.00,-0.10,4.00,5.00,9.00,86.00,8.00,0.00,0.00,0.00,0.00,0.00,0.00,152.81,-0.50,-0.23,-0.15,0.77,1.24,-18.62,3.02,4.08,2.90,3.40,0.15,2.04,0.06,-0.61,0.04,0.10,0.11,2.28,-0.36,4.60,-1.45,-2.16,-1.13,-1.32,-0.71,-1.56,0.90,2.51,-1.02,-1.99,-0.90,-2.96,-0.88,1.14,-0.20,0.10,-0.87,0.04,-0.32,2.13,1.66,1
2026-01-28,23.99,24822.79,16.35,68.40,63.21,1.20,0.92,0.87,52.20,8.35,68.70,475.57,10.60,202.95,264.62,79.78,131.55,60.33,310.85,296.03,19.67,87.00,155000.00,-0.38,4.00,5.00,9.00,86.00,8.00,0.00,0.00,0.00,0.00,0.00,0.00,152.81,0.04,-1.23,-0.29,1.07,0.00,-3.25,1.23,4.84,1.31,4.27,1.19,2.47,-0.64,-0.96,0.12,-0.37,1.27,2.75,-0.64,0.46,1.03,-2.48,1.06,-1.53,1.73,-1.35,-1.32,-1.52,-0.37,-2.14,-1.80,-5.32,-0.51,-1.53,-0.28,-1.13,-0.60,-2.65,0.05,-0.05,4.07,1
2026-01-29,23.93,24309.46,16.88,70.71,65.42,1.20,0.92,0.87,52.09,8.31,70.49,473.07,10.59,204.07,271.60,81.70,131.77,60.42,318.52,299.00,19.76,63.00,154974.00,-0.41,4.00,5.00,9.00,86.00,8.00,0.00,0.00,0.00,0.00,0.00,0.00,152.81,-0.23,-3.16,-2.07,-2.20,3.24,7.93,3.38,10.38,3.50,10.21,-0.33,2.61,0.00,-1.34,-0.34,-0.40,-0.21,2.80,-0.48,-3.72,2.61,-0.61,-0.53,-4.73,-0.09,-4.08,0.55,-0.73,2.64,-2.46,2.41,-1.04,0.17,-1.52,0.15,-0.95,2.47,-0.59,1.00,1.14,2.12,1
2026-01-30,24.11,24538.81,17.44,70.69,65.21,1.20,0.91,0.87,51.94,8.36,70.60,477.67,10.81,199.62,263.71,80.05,129.37,60.07,314.07,298.23,19.43,51.00,135991.00,-0.41,4.00,5.00,9.00,86.00,8.00,0.00,0.00,0.00,0.00,0.00,0.00,152.81,0.73,-0.92,0.94,-1.45,3.32,8.39,-0.03,7.30,-0.32,6.78,-0.10,1.80,-0.27,-1.38,0.04,-0.45,-0.27,1.99,0.69,-1.18,0.16,-0.52,0.97,-0.85,2.08,1.17,-2.18,-1.90,-2.91,-2.32,-2.02,-2.75,-1.82,-2.10,-0.58,-1.51,-1.40,-1.38,-0.26,0.13,2.17,1
2026-02-02,24.67,24797.52,16.34,66.30,62.14,1.18,0.92,0.87,51.56,8.58,72.07,490.87,11.31,204.42,275.49,80.84,131.31,60.81,318.05,302.65,19.65,48.00,132188.00,-0.41,9.00,5.00,9.00,84.00,8.00,0.00,0.00,0.00,0.00,0.50,0.00,152.81,2.35,2.40,1.05,-0.54,-6.31,1.18,-6.21,1.08,-4.71,2.49,-0.97,-0.08,0.21,-0.64,-0.05,-0.19,-0.75,0.14,2.57,1.76,2.08,4.45,2.76,3.13,4.67,7.81,2.41,0.29,4.47,2.66,0.99,-1.39,1.50,-1.56,1.23,0.31,1.27,0.82,1.48,1.96,0.28,1
2026-02-03,24.37,24780.79,18.00,67.33,63.21,1.18,0.92,0.86,51.28,8.64,70.77,490.47,11.43,185.36,233.46,77.93,122.07,60.27,317.18,304.31,18.66,39.00,121028.00,-0.51,9.00,5.00,9.00,84.00,8.00,0.00,0.00,0.00,0.00,0.50,0.00,152.81,-1.21,1.66,-0.07,-0.46,10.16,10.09,1.55,-0.36,1.72,1.31,-0.43,-0.65,0.27,-0.43,-0.38,-0.61,-0.54,-0.52,0.76,2.91,-1.80,4.07,-0.08,4.23,1.02,9.69,-9.32,-9.87,-15.26,-12.10,-3.60,-4.07,-7.03,-7.67,-0.89,-0.38,-0.27,1.42,0.55,2.85,1.02,1
2026-02-04,24.96,24603.04,18.64,69.46,65.14,1.18,0.92,0.86,51.40,8.70,71.13,495.67,11.45,183.87,235.47,73.92,124.61,60.17,323.30,308.52,18.61,92.00,150526.00,0.30,9.00,5.00,9.00,84.00,8.00,0.00,0.00,0.00,0.00,0.50,0.00,152.81,2.41,4.07,-0.72,-0.89,3.56,14.01,3.16,1.55,3.05,3.05,0.15,-1.68,-0.27,-0.06,-0.03,-0.77,0.23,-1.53,0.69,4.28,0.51,3.54,1.06,4.23,0.17,8.02,-0.81,-9.40,0.86,-11.02,-5.15,-7.35,2.08,-5.28,-0.17,-0.26,1.93,4.00,1.38,4.22,-3.67,0
2026-02-05,24.44,24491.06,21.77,67.55,63.29,1.18,0.92,0.86,51.45,8.64,67.55,484.27,11.58,177.33,230.31,75.21,121.27,59.21,325.18,308.43,18.20,38.00,128503.00,0.30,9.00,5.00,9.00,84.00,8.00,0.00,0.00,0.00,0.00,0.50,0.00,152.81,-2.09,2.12,-0.46,0.75,16.79,28.97,-2.75,-4.47,-2.84,-3.26,-0.12,-1.47,0.08,0.02,0.27,-0.16,0.10,-1.23,-0.77,3.98,-5.03,-4.17,-2.30,2.37,1.14,9.35,-3.55,-13.10,-2.19,-15.20,1.75,-7.94,-2.68,-7.97,-1.59,-2.00,0.58,2.09,-0.03,3.15,-0.94,0
2026-02-06,24.63,24721.46,20.37,68.05,63.55,1.18,0.92,0.87,51.39,8.86,68.61,485.97,12.06,177.88,235.84,74.77,122.18,60.70,331.94,314.09,18.22,57.00,126875.00,-0.45,9.00,5.00,9.00,84.00,8.00,0.00,0.00,0.00,0.00,0.50,0.00,152.81,0.77,2.17,0.94,0.74,-6.43,16.80,0.74,-3.73,0.41,-2.55,-0.20,-1.57,-0.15,0.14,0.71,0.50,-0.11,-1.06,2.54,5.89,1.57,-2.82,0.35,1.74,4.10,11.52,0.31,-10.89,2.40,-10.57,-0.59,-6.60,0.75,-5.56,2.51,1.05,2.08,5.69,1.83,5.32,-2.18,0
2026-02-09,24.74,25014.87,17.36,69.04,64.36,1.18,0.92,0.87,51.42,9.13,69.52,486.17,12.45,169.10,235.44,73.91,121.31,60.78,329.92,313.74,18.31,54.00,155352.00,-0.45,3.00,5.00,9.00,84.00,11.00,0.00,0.00,0.00,0.00,0.50,0.00,152.81,0.46,0.28,1.19,0.88,-14.78,6.24,1.45,4.13,1.27,3.57,0.41,-0.20,0.16,0.09,-0.24,0.31,0.06,-0.26,3.13,6.45,1.33,-3.54,0.04,-0.96,3.28,10.03,-4.94,-17.28,-0.17,-14.54,-1.15,-8.57,-0.71,-7.62,0.13,-0.05,-0.61,3.73,-0.11,3.66,-2.05,0
2026-02-10,24.62,24987.85,17.79,68.80,63.96,1.19,0.91,0.87,51.84,8.88,67.08,481.07,12.15,170.86,240.51,73.50,120.32,61.37,357.95,323.40,18.50,106.00,137013.00,-0.60,3.00,5.00,9.00,84.00,11.00,0.00,0.00,0.00,0.00,0.50,0.00,152.81,-0.48,1.02,-0.11,0.84,2.48,-1.17,-0.35,2.18,-0.62,1.19,0.66,0.89,-0.46,-0.64,0.12,0.82,0.81,1.10,-2.72,2.78,-3.51,-5.21,-1.05,-1.92,-2.37,6.34,1.04,-7.83,2.15,3.02,-0.55,-5.68,-0.82,-1.44,0.97,1.82,8.50,12.85,3.08,6.27,-0.63,0
2026-02-11,24.05,24856.15,17.65,69.40,64.63,1.19,0.91,0.87,51.87,8.53,65.06,478.77,11.96,172.10,232.60,71.01,119.55,60.46,357.35,324.83,18.10,226.00,144564.00,-0.60,3.00,5.00,9.00,84.00,11.00,0.00,0.00,0.00,0.00,0.50,0.00,152.81,-2.34,-3.67,-0.53,1.03,-0.79,-5.31,0.87,-0.09,1.05,-0.78,-0.12,0.62,0.06,-0.31,0.23,1.09,0.06,0.93,-4.03,-2.03,-3.01,-8.53,-0.48,-3.41,-1.60,4.45,0.73,-6.40,-3.29,-1.22,-3.39,-3.94,-0.64,-4.06,-1.48,0.48,-0.17,10.53,0.44,5.28,1.63,1
2026-02-12,24.21,24852.69,20.82,67.52,62.84,1.19,0.92,0.87,51.94,8.66,65.09,478.07,11.79,165.99,226.27,71.22,115.96,59.86,353.70,321.87,17.55,216.00,134229.00,-0.42,3.00,5.00,9.00,84.00,11.00,0.00,0.00,0.00,0.00,0.50,0.00,152.81,0.68,-0.94,-0.01,1.48,17.96,-4.36,-2.71,-0.04,-2.77,-0.71,-0.11,0.63,0.22,-0.16,-0.03,0.78,0.13,0.96,1.51,0.22,0.05,-3.64,-0.15,-1.28,-1.42,1.81,-3.56,-6.40,-2.72,-1.76,0.30,-5.31,-3.00,-4.38,-0.99,1.10,-1.02,8.77,-0.91,4.36,-0.64,0
2026-02-13,24.09,24914.88,20.60,67.75,62.89,1.19,0.91,0.87,51.88,8.75,65.49,481.17,11.73,165.25,211.76,69.99,121.35,59.87,352.51,314.33,17.22,67.00,122746.00,-0.42,3.00,5.00,9.00,84.00,11.00,0.00,0.00,0.00,0.00,0.50,0.00,152.81,-0.49,-2.18,0.25,0.78,-1.06,1.13,0.34,-0.44,0.08,-1.04,-0.06,0.77,-0.28,-0.29,-0.03,0.05,-0.11,0.96,1.11,-1.17,0.61,-4.55,0.65,-0.99,-0.47,-2.65,-0.44,-7.10,-6.41,-10.21,-1.73,-6.39,4.65,-0.68,0.02,-1.36,-0.34,6.20,-2.34,0.08,0.08,1
2026-02-16,24.23,24800.91,20.60,67.75,62.89,1.19,0.91,0.87,51.88,8.89,65.49,484.97,11.91,165.25,211.76,69.99,121.35,59.87,352.51,314.33,17.22,48.00,133195.00,-0.18,4.00,5.00,9.00,84.00,16.00,0.00,0.00,0.00,0.00,0.50,0.00,152.81,0.60,-2.05,-0.46,-0.86,0.00,18.66,0.00,-1.87,0.00,-2.28,-0.01,0.35,-0.18,-0.63,-0.22,0.07,-0.01,0.88,1.54,-2.69,0.00,-5.80,0.79,-0.25,1.53,-4.30,0.00,-2.28,0.00,-10.06,0.00,-5.30,0.00,0.03,0.00,-1.49,0.00,6.85,0.00,0.19,-2.11,0
2026-02-17,24.47,24998.40,20.29,67.42,62.33,1.18,0.91,0.87,51.82,8.91,66.68,491.17,12.02,165.23,199.56,70.53,124.23,60.64,358.54,317.52,17.42,70.00,122464.00,-0.15,4.00,5.00,9.00,84.00,16.00,0.00,0.00,0.00,0.00,0.50,0.00,152.81,0.97,-0.63,0.80,0.04,-1.50,14.05,-0.49,-2.01,-0.89,-2.55,-0.15,-0.46,0.05,-0.12,0.00,-0.04,-0.12,-0.05,0.26,0.28,1.82,-0.60,1.28,2.10,0.84,-1.15,-0.01,-3.29,-5.76,-17.02,0.77,-4.04,2.37,3.25,1.28,-1.19,1.71,0.16,1.02,-1.82,-2.34,0
2026-02-18,24.44,25278.21,19.62,70.35,65.19,1.19,0.91,0.87,51.84,8.83,66.00,492.17,11.61,170.41,202.92,72.77,124.27,61.40,354.61,315.58,17.43,57.00,123086.00,-0.04,4.00,5.00,9.00,84.00,16.00,0.00,0.00,0.00,0.00,0.50,0.00,152.81,-0.12,1.63,1.12,1.70,-3.30,11.16,4.35,1.37,4.59,0.87,0.02,-0.32,0.08,-0.10,0.48,0.20,0.04,-0.07,-0.84,3.61,-1.02,1.44,0.20,2.80,-3.33,-2.88,3.14,-0.98,1.68,-12.76,3.18,2.48,0.03,3.95,1.25,1.55,-1.09,-0.77,-0.61,-2.85,-1.06,0
2026-02-19,24.06,25043.57,20.23,71.66,66.43,1.18,0.91,0.87,51.69,8.75,64.15,475.50,12.98,159.93,198.91,72.94,125.81,61.09,348.53,312.44,17.31,51.00,133793.00,-0.04,4.00,5.00,9.00,84.00,16.00,0.00,0.00,0.00,0.00,0.50,0.00,152.81,-1.57,-0.64,-0.93,0.77,3.11,-2.83,1.86,6.13,1.90,5.71,-0.53,-0.73,-0.24,-0.57,-0.03,0.21,-0.28,-0.47,-0.96,1.09,-2.80,-1.44,-3.39,-0.54,11.75,10.09,-6.15,-3.65,-1.98,-12.09,0.23,2.42,1.24,8.49,-0.50,2.05,-1.72,-1.46,-1.00,-2.93,2.52,1
2026-02-20,24.11,25260.69,19.09,71.76,66.39,1.18,0.91,0.87,51.63,8.74,64.47,473.90,12.57,162.70,202.61,73.86,127.89,61.33,346.57,315.66,17.40,79.00,131330.00,-0.04,4.00,5.00,9.00,84.00,16.00,0.00,0.00,0.00,0.00,0.50,0.00,152.81,0.23,0.08,0.87,1.39,-5.64,-7.33,0.14,5.92,-0.06,5.57,-0.17,-0.84,0.21,-0.08,0.09,0.32,-0.13,-0.49,-0.15,-0.18,0.50,-1.56,-0.34,-1.51,-3.16,7.12,1.73,-1.54,1.86,-4.32,1.26,5.53,1.65,5.39,0.39,2.43,-0.56,-1.68,1.03,0.43,-0.66,0
2026-02-23,23.72,24991.97,21.01,71.49,66.31,1.18,0.91,0.87,51.88,8.82,64.61,469.60,13.14,154.48,187.70,70.72,122.96,59.76,341.29,311.51,16.70,104.00,116992.00,0.11,4.00,5.00,9.00,84.00,11.00,0.00,0.00,0.00,0.00,0.50,0.00,152.81,-1.61,-2.11,-1.06,0.77,10.06,1.99,-0.38,5.52,-0.12,5.44,0.56,-0.28,0.08,0.18,0.02,0.57,0.48,-0.00,1.01,-0.69,0.22,-1.34,-0.91,-3.17,4.53,10.28,-5.05,-6.52,-7.36,-11.36,-4.25,1.04,-3.85,1.33,-2.55,-0.18,-1.53,-3.18,-1.32,-0.90,-2.20,0
2026-02-24,23.90,24986.25,19.55,70.77,65.63,1.18,0.91,0.87,51.73,8.78,65.58,470.60,12.72,162.37,197.27,71.38,125.66,60.46,341.81,312.49,16.76,63.00,130728.00,0.36,4.00,5.00,9.00,84.00,11.00,0.00,0.00,0.00,0.00,0.50,0.00,152.81,0.73,-2.34,-0.02,-0.05,-6.95,-3.65,-1.01,4.97,-1.03,5.29,-0.35,-0.47,-0.02,0.11,-0.08,0.49,-0.29,-0.17,-0.46,-1.40,1.50,-1.65,0.21,-4.19,-3.23,5.83,5.11,-1.73,5.10,-1.15,0.93,1.21,2.20,1.15,1.17,-0.30,0.15,-4.66,0.31,-1.59,-4.25,0
2026-02-25,24.18,25175.94,17.93,70.85,65.42,1.18,0.91,0.87,51.65,8.83,67.19,462.30,12.87,166.14,202.87,72.83,132.02,60.49,346.09,313.06,16.89,60.00,128111.00,0.72,4.00,5.00,9.00,84.00,11.00,0.00,0.00,0.00,0.00,0.50,0.00,152.81,1.19,-1.06,0.76,-0.40,-8.29,-8.61,0.11,0.71,-0.32,0.35,-0.16,-0.65,-0.22,-0.19,-0.16,-0.15,-0.15,-0.36,0.50,-0.07,2.46,1.80,-1.76,-6.07,1.22,10.80,2.32,-2.51,2.84,-0.02,2.03,0.08,5.06,6.24,0.05,-1.48,1.25,-2.40,0.18,-0.80,-2.76,0
2026-02-26,24.66,25289.02,18.63,70.75,65.21,1.18,0.91,0.87,51.91,9.06,69.63,476.50,13.14,169.62,217.00,74.80,136.97,61.95,349.88,317.53,17.43,134.00,178580.00,0.72,4.00,5.00,9.00,84.00,11.00,0.00,0.00,0.00,0.00,0.50,0.00,152.81,2.00,2.52,0.45,0.98,3.90,-7.91,-0.14,-1.27,-0.32,-1.84,0.34,0.22,0.13,0.18,-0.11,-0.23,0.51,0.42,2.64,3.56,3.63,8.54,3.07,0.21,2.10,1.23,2.10,6.06,6.96,9.10,2.70,2.55,3.75,8.87,2.41,1.40,1.10,0.39,1.43,1.63,-6.50,0
2026-02-27,23.95,25284.26,19.86,72.48,67.02,1.18,0.91,0.87,51.91,8.74,67.49,464.00,12.30,169.19,214.77,75.42,135.11,61.53,341.06,311.64,17.11,105.00,131748.00,0.72,4.00,5.00,9.00,84.00,11.00,0.00,0.00,0.00,0.00,0.50,0.00,152.81,-2.89,-0.66,-0.02,0.09,6.60,4.03,2.45,1.00,2.78,0.95,-0.10,0.29,0.04,0.01,0.39,0.06,-0.01,0.54,-3.59,0.00,-3.07,4.68,-2.62,-2.09,-6.39,-2.15,-0.26,3.99,-1.03,6.00,0.83,2.11,-1.36,5.65,-0.68,0.33,-2.52,-1.59,-1.86,-1.28,-4.22,0
2026-03-02,23.20,24638.00,21.44,77.74,71.23,1.18,0.90,0.88,51.71,8.28,65.30,450.00,11.14,166.81,212.33,75.95,133.26,60.76,329.82,304.66,16.94,358.00,145797.00,-0.08,4.00,5.00,9.00,89.00,8.00,0.00,0.00,0.00,0.00,0.00,0.00,152.81,-3.14,-2.20,-2.56,-1.42,7.96,2.05,7.26,8.74,6.28,7.42,-0.37,-0.64,-0.84,-0.92,0.26,0.30,-0.38,-0.32,-5.22,-6.17,-3.24,1.07,-3.02,-4.17,-9.43,-15.22,-1.41,7.98,-1.14,13.12,0.70,7.40,-1.37,8.38,-1.25,1.67,-3.30,-3.36,-2.24,-2.20,-3.09,0
2026-03-03,22.88,23790.65,23.57,81.40,74.56,1.17,0.91,0.87,51.44,7.94,63.99,431.50,10.26,165.78,214.22,76.36,133.04,60.24,335.25,305.80,16.58,223.00,160429.00,0.00,4.00,5.00,9.00,89.00,8.00,0.00,0.00,0.00,0.00,0.00,0.00,152.81,-1.37,-4.25,-3.44,-4.79,9.93,20.56,4.71,15.02,4.67,13.61,-0.53,-0.82,0.65,-0.26,-0.56,-0.19,-0.53,-0.56,-4.06,-9.56,-2.01,-2.42,-4.11,-8.31,-7.94,-19.35,-0.62,2.10,0.89,8.59,0.54,6.98,-0.17,5.87,-0.85,-0.36,1.65,-1.92,0.37,-2.14,0.72,1
2026-03-04,23.51,24205.36,21.15,81.40,74.66,1.16,0.91,0.87,50.92,8.06,65.12,433.70,10.42,169.76,220.78,76.65,135.54,60.45,335.28,304.77,16.75,306.00,205498.00,-0.04,4.00,5.00,9.00,89.00,8.00,0.00,0.00,0.00,0.00,0.00,0.00,152.81,2.76,-2.76,1.74,-3.86,-10.27,17.96,0.00,14.89,0.13,14.12,-0.73,-1.38,-0.31,-0.34,-0.29,-0.31,-1.01,-1.41,1.50,-8.67,1.77,-3.08,0.51,-6.19,1.61,-19.04,2.40,2.18,3.06,8.83,0.38,5.25,1.88,2.67,0.35,-0.07,0.01,-3.12,-0.34,-2.65,-1.80,0
2026-03-05,23.06,23815.75,23.75,85.41,81.01,1.16,0.91,0.87,51.23,7.81,61.85,412.00,10.17,184.11,251.01,75.44,135.85,60.30,332.38,307.22,16.87,213.00,149155.00,0.05,4.00,5.00,9.00,89.00,8.00,0.00,0.00,0.00,0.00,0.00,0.00,152.81,-1.93,-6.50,-1.61,-5.83,12.29,27.48,4.93,20.72,8.51,24.23,0.20,-1.52,-0.16,-0.63,0.07,-0.14,0.61,-1.31,-3.20,-13.86,-5.02,-11.17,-5.00,-13.54,-2.40,-22.60,8.46,8.54,13.69,15.67,-1.58,0.86,0.23,-0.82,-0.25,-2.66,-0.86,-5.00,0.80,-3.25,-1.88,0
2026-03-06,22.94,23591.03,29.49,92.69,90.90,1.16,0.91,0.87,51.05,7.81,63.58,408.90,10.09,182.02,249.09,75.13,133.23,59.17,323.16,298.50,16.90,379.00,169339.00,-0.88,4.00,5.00,9.00,89.00,8.00,0.00,0.00,0.00,0.00,0.00,0.00,152.81,-0.52,-4.22,-0.94,-6.70,24.17,48.49,8.52,27.88,12.21,35.63,-0.24,-1.65,-0.03,-0.70,-0.14,-0.66,-0.35,-1.65,0.00,-10.65,2.80,-5.79,-0.75,-11.88,-0.79,-17.97,-1.14,7.58,-0.76,15.98,-0.41,-0.38,-1.93,-1.39,-1.87,-3.83,-2.77,-5.25,-2.84,-4.21,-2.60,0
2026-03-09,22.48,23409.37,25.50,98.96,94.77,1.15,0.90,0.87,50.83,7.31,63.05,395.50,9.70,177.63,241.03,73.84,134.03,59.63,328.21,303.32,17.00,147.00,159405.00,-0.88,3.00,4.00,9.00,80.00,8.00,0.00,0.00,0.00,0.00,0.00,0.00,152.81,-2.00,-3.09,-0.77,-4.99,-13.53,18.94,6.76,27.30,4.26,33.05,-0.73,-2.01,-0.67,-0.52,-0.32,-1.23,-0.44,-1.71,-6.38,-11.75,-0.83,-3.45,-3.28,-12.11,-3.87,-12.93,-2.41,6.48,-3.24,13.52,-1.72,-2.78,0.60,0.58,0.78,-1.86,1.56,-0.49,1.61,-0.44,-0.40,0
2026-03-10,23.05,23968.63,24.93,87.80,83.45,1.16,0.90,0.87,51.24,7.88,63.89,401.20,10.01,174.87,231.17,72.36,132.44,59.04,325.36,298.23,16.86,184.00,158369.00,0.00,3.00,4.00,9.00,80.00,8.00,0.00,0.00,0.00,0.00,0.00,0.00,152.81,2.50,0.72,2.39,0.75,-2.24,5.77,-11.28,7.86,-11.94,11.92,0.82,-0.68,0.39,-0.78,-0.11,-0.78,0.80,-0.39,7.89,-0.75,1.33,-0.16,1.44,-7.02,3.20,-2.39,-1.55,5.49,-4.09,7.91,-2.00,-5.24,-1.19,-0.45,-0.99,-1.99,-0.87,-2.95,-1.68,-2.47,-2.38,0
2026-03-11,23.09,23640.03,24.23,91.98,87.25,1.16,0.90,0.87,51.23,7.76,63.94,397.60,10.11,172.90,229.86,74.97,133.39,58.87,325.74,296.71,16.80,279.00,178260.00,0.00,3.00,4.00,9.00,80.00,8.00,0.00,0.00,0.00,0.00,0.00,0.00,152.81,0.19,-1.80,-1.37,-2.34,-2.81,14.56,4.76,13.00,4.55,16.86,-0.05,-0.01,0.04,-0.43,-0.02,-0.51,-0.02,0.60,-1.61,-3.79,0.08,-1.81,-0.90,-8.32,1.00,-2.98,-1.13,1.85,-0.57,4.11,3.61,-2.19,0.72,-1.59,-0.29,-2.61,0.12,-2.85,-0.51,-2.64,-2.46,0
2026-03-12,22.63,23589.65,27.29,100.46,95.73,1.15,0.90,0.86,50.99,7.48,61.47,380.80,9.88,168.71,227.17,72.97,127.70,57.27,315.69,294.12,16.23,287.00,197426.00,-0.21,3.00,4.00,9.00,80.00,8.00,0.00,0.00,0.00,0.00,0.00,0.00,152.81,-2.00,-1.88,-0.21,-0.95,12.63,14.91,9.22,17.62,9.72,18.17,-0.59,-0.79,-0.18,-0.46,-0.30,-0.88,-0.45,-0.46,-3.54,-4.14,-3.86,-0.61,-4.23,-7.57,-2.27,-2.85,-2.42,-8.37,-1.17,-9.50,-2.67,-3.27,-4.27,-6.00,-2.73,-5.03,-3.09,-5.02,-0.87,-4.26,-3.28,0
2026-03-13,22.34,23447.29,27.19,103.14,98.71,1.15,0.90,0.86,50.94,7.31,61.29,369.40,9.57,169.65,227.89,73.33,126.30,57.30,313.19,291.41,16.10,132.00,152997.00,-0.21,3.00,4.00,9.00,80.00,8.00,0.00,0.00,0.00,0.00,0.00,0.00,152.81,-1.25,-2.60,-0.60,-0.61,-0.37,-7.80,2.67,11.27,3.11,8.59,-0.19,-0.74,0.27,-0.15,0.03,-0.71,-0.10,-0.21,-2.29,-6.33,-0.29,-3.60,-2.99,-9.66,-3.12,-5.13,0.56,-6.79,0.32,-8.51,0.49,-2.40,-1.10,-5.20,0.05,-3.17,-0.79,-3.09,-0.92,-2.37,-3.07,0
2026-03-16,22.39,23564.01,23.51,100.21,93.50,1.14,0.90,0.86,50.54,7.42,62.14,362.80,9.59,171.72,230.97,74.66,128.32,58.06,321.21,295.86,16.26,174.00,184090.00,-0.34,4.00,5.00,9.00,83.00,9.00,0.00,0.00,0.00,0.00,0.00,0.00,152.81,0.22,-0.40,0.50,0.66,-13.53,-7.80,-2.84,1.26,-5.28,-1.34,-0.75,-0.77,-0.17,0.35,0.04,-0.36,-0.79,-0.57,1.50,1.55,1.39,-1.44,-1.79,-8.27,0.15,-1.18,1.22,-3.33,1.35,-4.17,1.81,1.11,1.60,-4.26,1.32,-2.64,2.56,-2.13,1.53,-2.46,-0.71,0
2026-03-17,22.50,23730.92,22.37,103.42,96.21,1.15,0.91,0.86,50.83,7.58,61.55,361.90,9.69,177.69,240.74,77.79,131.95,58.72,326.64,301.17,16.53,137.00,193123.00,-0.11,4.00,5.00,9.00,83.00,9.00,0.00,0.00,0.00,0.00,0.00,0.00,152.81,0.47,-2.38,0.71,-0.99,-4.85,-10.27,3.20,17.79,2.90,15.29,0.56,-1.01,0.33,0.28,0.06,-0.20,0.57,-0.79,2.15,-3.85,-0.95,-3.66,-0.25,-9.80,1.13,-3.16,3.48,1.61,4.23,4.14,4.19,7.50,2.83,-0.37,1.13,-0.56,1.69,0.39,1.79,0.99,-1.26,0
2026-03-18,22.52,23502.25,25.09,107.38,96.32,1.15,0.91,0.86,51.08,7.58,59.80,367.20,9.70,175.26,239.53,76.66,131.13,57.66,321.88,294.42,16.20,85.00,154792.00,-0.29,4.00,5.00,9.00,83.00,9.00,0.00,0.00,0.00,0.00,0.00,0.00,152.81,0.11,-2.46,-0.96,-0.58,12.16,3.55,3.83,16.74,0.11,10.40,0.35,-0.62,-0.05,0.19,0.02,-0.17,0.49,-0.29,0.05,-2.23,-2.84,-6.47,1.46,-7.65,0.06,-4.06,-1.37,1.36,-0.50,4.21,-1.45,2.25,-0.62,-1.69,-1.80,-2.07,-1.45,-1.18,-2.24,-0.77,0.09,1
2026-03-19,21.89,22839.56,24.06,108.65,96.14,1.15,0.91,0.86,50.79,7.14,59.50,350.00,9.10,171.77,238.90,75.34,130.79,57.97,324.25,297.69,16.15,100.00,139418.00,0.00,4.00,5.00,9.00,83.00,9.00,0.00,0.00,0.00,0.00,0.00,0.00,152.81,-2.83,-3.28,-2.82,-3.18,-4.11,-11.84,1.18,8.15,-0.19,0.43,-0.65,-0.68,0.32,0.70,0.05,0.18,-0.57,-0.41,-5.83,-4.55,-0.50,-3.20,-4.68,-8.09,-6.19,-7.89,-1.99,1.82,-0.26,5.17,-1.72,3.25,-0.26,2.42,0.54,1.22,0.73,2.71,1.11,1.21,1.59,1
2026-03-20,21.66,22380.19,26.78,112.19,98.32,1.16,0.91,0.86,51.31,7.06,57.63,353.60,8.92,172.96,234.68,73.89,128.52,56.89,319.13,292.44,15.85,138.00,154240.00,0.00,4.00,5.00,9.00,83.00,9.00,0.00,0.00,0.00,0.00,0.00,0.00,152.81,-1.05,-3.07,-2.01,-4.55,11.31,-1.51,3.26,8.77,2.27,-0.40,0.99,0.49,0.50,0.93,-0.22,-0.06,1.03,0.72,-1.16,-3.44,-3.14,-5.97,1.03,-4.28,-1.98,-6.81,0.69,1.95,-1.77,2.98,-1.92,0.76,-1.74,1.76,-1.86,-0.71,-1.58,1.90,-1.76,0.35,1.03,1
2026-03-23,22.23,22653.86,26.15,99.94,88.13,1.16,0.91,0.87,51.24,7.30,59.30,362.20,9.27,175.87,236.15,75.12,132.59,58.54,325.88,300.53,16.28,100.00,142713.00,-0.12,3.00,5.00,9.00,88.00,10.00,0.00,0.00,0.00,0.00,0.00,0.00,152.81,2.67,-0.71,1.22,-3.86,-2.35,11.23,-10.92,-0.27,-10.36,-5.74,-0.15,1.09,-0.27,0.83,0.56,0.46,-0.14,1.38,3.35,-1.68,2.90,-4.57,2.43,-0.17,3.90,-3.32,1.68,2.42,0.63,2.24,1.66,0.62,3.17,3.33,2.90,0.83,2.11,1.45,2.77,1.58,-2.08,0
2026-03-24,22.21,22636.91,26.95,104.49,92.35,1.16,0.91,0.86,51.50,7.16,60.16,353.40,8.99,171.63,236.49,72.34,130.00,58.51,323.65,299.77,15.85,120.00,177582.00,-0.18,3.00,5.00,9.00,88.00,10.00,0.00,0.00,0.00,0.00,0.00,0.00,152.81,-0.09,-1.26,-0.07,-4.61,3.06,20.47,4.55,1.03,4.79,-4.01,0.41,0.94,0.26,0.76,-0.29,0.11,0.51,1.32,-1.84,-5.53,1.45,-2.26,-2.43,-2.35,-3.02,-7.28,-2.41,-3.41,0.14,-1.77,-3.70,-7.01,-1.95,-1.48,-0.05,-0.35,-0.68,-0.91,-0.25,-0.46,-1.48,0
2026-03-25,22.54,22957.08,25.33,102.22,90.32,1.16,0.92,0.87,51.50,7.32,61.37,358.80,9.19,169.51,235.76,73.08,131.81,58.61,326.15,303.02,16.09,120.00,175150.00,0.57,3.00,5.00,9.00,88.00,10.00,0.00,0.00,0.00,0.00,0.00,0.00,152.81,1.48,0.09,1.41,-2.32,-6.01,0.96,-2.17,-4.81,-2.20,-6.23,0.07,0.65,0.23,1.05,0.13,0.22,0.00,0.83,2.26,-3.45,2.01,2.63,1.53,-2.29,2.25,-5.26,-1.23,-3.28,-0.31,-1.57,1.02,-4.67,1.39,0.52,0.17,1.65,0.77,1.32,1.08,2.92,0.75,1
2026-03-26,22.23,22612.97,27.44,108.01,94.48,1.16,0.92,0.87,51.38,7.24,60.69,356.10,9.14,168.55,232.35,70.55,131.06,57.87,325.10,301.56,16.08,79.00,169843.00,-0.04,3.00,5.00,9.00,88.00,10.00,0.00,0.00,0.00,0.00,0.00,0.00,152.81,-1.37,1.59,-1.50,-0.99,8.33,14.05,5.66,-0.59,4.61,-1.73,-0.46,0.85,-0.01,0.71,-0.07,0.11,-0.24,1.16,-1.13,1.37,-1.11,2.00,-0.75,1.74,-0.57,0.42,-0.57,-1.88,-1.45,-2.74,-3.46,-6.36,-0.57,0.21,-1.26,-0.17,-0.32,0.26,-0.48,1.30,1.37,1
2026-03-27,21.88,22300.75,31.05,112.57,99.64,1.15,0.92,0.86,51.32,7.07,58.48,351.70,8.75,162.49,225.33,69.18,122.87,56.34,316.91,293.90,15.57,99.00,133392.00,-0.04,3.00,5.00,9.00,88.00,10.00,0.00,0.00,0.00,0.00,0.00,0.00,152.81,-1.59,1.03,-1.38,-0.35,13.16,15.94,4.22,0.34,5.46,1.34,-0.23,-0.37,0.17,0.38,-0.02,0.31,-0.12,0.02,-2.36,0.14,-3.64,1.47,-1.24,-0.54,-4.29,-1.95,-3.60,-6.06,-3.02,-3.98,-1.94,-6.37,-6.25,-4.40,-2.64,-0.97,-2.52,-0.69,-2.54,0.50,1.61,1
2026-03-30,21.77,22562.88,30.61,112.78,102.88,1.15,0.92,0.87,51.07,6.96,55.89,348.40,8.62,164.70,226.03,69.91,123.10,55.93,318.68,295.73,15.50,83.00,179195.00,-0.29,11.00,6.00,10.00,90.00,11.00,0.00,1.00,0.00,0.00,0.00,0.00,152.81,-0.50,-2.08,1.18,-0.40,-1.42,17.06,0.19,12.85,3.25,16.74,-0.37,-0.59,0.27,0.92,0.36,0.11,-0.48,-0.33,-1.50,-4.56,-4.43,-5.75,-0.94,-3.81,-1.49,-7.03,1.36,-6.35,0.31,-4.28,1.06,-6.94,0.19,-7.16,-0.73,-4.46,0.56,-2.21,0.62,-1.60,9.35,1
2026-03-31,21.89,22680.04,25.25,118.35,101.38,1.15,0.92,0.87,50.98,6.92,57.80,347.10,8.56,168.41,230.40,71.93,126.28,57.98,326.43,303.94,16.08,80.00,149181.00,-0.36,11.00,6.00,10.00,90.00,11.00,0.00,1.00,0.00,0.00,0.00,0.00,152.81,0.53,-1.48,0.52,0.19,-17.51,-6.31,4.94,13.26,-1.46,9.78,-0.28,-1.27,-0.29,0.36,0.19,0.59,-0.18,-1.01,-0.66,-3.41,3.42,-3.92,-0.37,-1.78,-0.67,-4.78,2.25,-1.87,1.93,-2.57,2.89,-0.57,2.58,-2.86,3.67,-0.91,2.43,0.86,2.77,1.39,6.73,1
2026-04-01,22.71,23298.89,24.54,101.16,100.12,1.16,0.92,0.87,51.60,7.47,60.02,364.50,9.32,167.38,227.19,71.71,125.19,58.68,332.80,308.12,16.21,87.00,183327.00,0.06,11.00,6.00,10.00,90.00,11.00,0.00,1.00,0.00,0.00,0.00,0.00,152.81,3.77,0.75,2.73,1.49,-2.81,-3.12,-14.52,-1.04,-1.24,10.85,1.00,-0.35,0.74,0.87,0.48,0.94,1.22,0.19,7.95,1.97,3.84,-2.20,5.01,1.59,8.93,1.44,-0.61,-1.26,-1.39,-3.64,-0.31,-1.87,-0.86,-5.02,1.21,0.12,1.95,2.04,1.37,1.68,2.72,1
2026-04-02,22.54,23168.08,23.87,109.03,111.54,1.16,0.92,0.87,51.70,7.21,58.74,360.30,8.97,167.77,224.82,71.84,124.95,58.58,331.28,304.81,16.04,151.00,151046.00,0.06,11.00,6.00,10.00,90.00,11.00,0.00,1.00,0.00,0.00,0.00,0.00,152.81,-0.77,1.37,-0.56,2.45,-2.73,-13.01,7.78,0.94,11.41,18.06,0.14,0.25,-0.32,0.56,-0.30,0.71,0.20,0.63,-3.42,-0.40,-2.13,-3.21,-1.15,1.18,-3.82,-1.88,0.23,-0.46,-1.04,-3.24,0.18,1.83,-0.19,-4.66,-0.17,1.23,-0.46,1.90,-1.07,1.08,2.56,1
2026-04-07,22.23,22921.59,25.78,109.27,112.95,1.15,0.92,0.87,51.53,7.08,58.29,357.20,8.88,173.41,223.82,71.73,124.97,58.46,330.28,302.02,16.12,77.00,153024.00,0.06,4.00,6.00,9.00,87.00,12.00,0.00,1.00,0.00,0.00,0.00,0.00,152.81,-1.35,1.61,-1.06,2.78,8.00,-16.97,0.22,-2.93,1.26,13.36,-0.43,0.05,0.09,0.48,0.09,0.82,-0.33,0.42,-1.84,0.14,-0.77,-0.32,-0.86,1.56,-0.96,1.53,3.36,6.72,-0.44,-0.67,-0.15,3.69,0.02,1.71,-0.20,3.76,-0.30,4.22,-0.91,2.76,6.54,1
2026-04-08,23.81,24080.63,21.04,94.75,94.41,1.17,0.92,0.87,52.04,7.81,64.20,392.90,9.88,181.00,236.40,72.38,131.40,60.84,347.89,317.05,16.93,111.00,145631.00,0.19,4.00,6.00,9.00,87.00,12.00,0.00,1.00,0.00,0.00,0.00,0.00,152.81,7.07,9.35,5.06,6.73,-18.39,-31.26,-13.29,-15.99,-16.41,-8.23,1.26,1.69,0.28,0.50,-0.00,0.46,0.98,1.89,10.27,12.09,10.14,14.87,9.99,12.77,11.26,14.67,4.38,9.90,5.62,4.59,0.91,3.53,5.15,6.74,4.07,8.78,5.33,9.17,4.98,7.21,-1.14,0
2026-04-09,23.36,23806.99,19.49,95.92,97.87,1.17,0.92,0.87,51.76,7.56,63.54,382.80,9.83,176.60,229.77,71.81,129.16,60.85,352.23,322.36,16.59,305.00,159118.00,0.19,4.00,6.00,9.00,87.00,12.00,0.00,1.00,0.00,0.00,0.00,0.00,152.81,-1.88,6.73,-1.14,4.97,-7.37,-22.81,1.23,-18.95,3.66,-3.46,-0.23,1.74,-0.11,0.69,-0.18,0.09,-0.54,1.53,-3.18,9.26,-1.03,9.93,-2.57,10.29,-0.55,14.82,-2.43,4.86,-2.80,-0.27,-0.79,-0.17,-1.70,2.28,0.02,4.95,1.25,7.91,1.67,6.06,-0.96,0
2026-04-10,23.33,23803.95,19.23,95.20,96.57,1.17,0.92,0.87,52.07,7.64,62.36,386.20,10.06,173.46,227.61,70.48,128.96,60.49,353.40,323.28,16.57,244.00,141522.00,-0.18,4.00,6.00,9.00,87.00,12.00,0.00,1.00,0.00,0.00,0.00,0.00,152.81,-0.13,2.72,-0.01,2.17,-1.33,-21.64,-0.75,-5.89,-1.33,-3.55,0.27,1.01,0.21,0.15,-0.00,-0.39,0.61,0.91,1.04,2.27,-1.86,3.90,0.89,5.95,2.33,7.86,-1.78,3.63,-0.94,0.18,-1.85,-1.72,-0.15,3.01,-0.59,3.08,0.33,6.19,0.29,4.92,3.73,1
2026-04-13,23.11,23742.44,19.12,99.36,99.08,1.17,0.93,0.87,52.14,7.47,62.14,377.10,9.64,177.25,239.70,72.34,130.32,61.25,358.85,327.11,16.77,250.00,112099.00,-0.42,4.00,6.00,10.00,95.00,12.00,0.00,0.00,0.00,0.00,0.00,0.00,152.81,-0.92,2.56,-0.26,2.48,-0.57,-19.90,4.37,-8.87,2.60,-11.17,-0.14,0.73,0.08,0.56,0.13,0.04,0.14,0.85,-2.24,3.52,-0.35,5.79,-2.36,4.66,-4.15,7.49,2.18,5.65,5.31,6.62,2.64,0.70,1.05,4.30,1.26,4.56,1.54,8.32,1.18,7.32,2.38,1
2026-04-14,23.69,24044.22,18.36,94.79,91.28,1.18,0.92,0.87,52.59,7.69,62.55,396.40,10.12,181.12,248.04,72.91,133.85,62.43,365.98,331.23,17.09,313.00,178675.00,0.00,4.00,6.00,10.00,95.00,12.00,0.00,0.00,0.00,0.00,0.00,0.00,152.81,2.48,6.54,1.27,4.90,-3.97,-28.78,-4.60,-13.25,-7.87,-19.19,0.80,1.97,-0.41,0.05,-0.14,-0.19,0.85,2.05,3.06,8.69,0.66,7.31,5.12,10.97,5.00,13.96,2.18,4.45,3.48,10.82,0.79,1.65,2.71,7.11,1.93,6.79,1.99,10.81,1.26,9.67,-1.66,0
2026-04-15,23.53,24066.70,18.17,94.93,91.29,1.18,0.92,0.87,52.77,7.52,61.97,391.00,10.22,185.69,256.89,77.28,137.51,62.39,363.02,328.76,17.60,230.00,170162.00,-0.27,4.00,6.00,10.00,95.00,12.00,0.00,0.00,0.00,0.00,0.00,0.00,152.81,-0.64,-1.14,0.09,-0.06,-1.03,-13.64,0.15,0.19,0.01,-3.30,0.26,0.97,-0.02,-0.25,-0.15,-0.33,0.35,1.41,-2.30,-3.69,-0.93,-3.47,-1.36,-0.48,0.99,3.44,2.52,2.59,3.57,8.67,5.99,6.77,2.73,4.65,-0.06,2.55,-0.81,4.35,-0.75,3.69,-2.95,0
2026-04-16,23.14,24154.47,17.94,99.39,94.69,1.18,0.92,0.87,52.84,7.26,57.38,371.60,9.80,184.56,253.89,76.48,137.81,61.69,361.71,330.23,17.80,324.00,182814.00,-0.20,4.00,6.00,10.00,95.00,12.00,0.00,0.00,0.00,0.00,0.00,0.00,152.81,-1.70,-0.96,0.36,1.46,-1.27,-7.95,4.70,3.62,3.72,-3.25,0.08,1.28,0.12,-0.02,0.08,-0.07,0.13,2.10,-3.43,-3.94,-7.41,-9.69,-4.96,-2.93,-4.07,-0.22,-0.61,4.51,-1.17,10.50,-1.04,6.50,0.22,6.70,-1.12,1.38,-0.36,2.69,0.45,2.44,-1.51,0
2026-04-17,24.20,24702.24,17.48,90.38,83.85,1.18,0.92,0.87,52.84,7.76,62.03,394.10,10.53,192.01,265.28,77.12,141.55,63.86,377.19,340.87,18.30,310.00,173900.00,-0.18,4.00,6.00,10.00,95.00,12.00,0.00,0.00,0.00,0.00,0.00,0.00,152.81,4.60,3.73,2.27,3.77,-2.56,-9.10,-9.07,-5.06,-11.45,-13.17,-0.22,0.78,0.02,-0.22,0.13,0.06,0.01,1.49,6.86,1.59,8.10,-0.53,6.05,2.05,7.41,4.72,4.04,10.69,4.48,16.55,0.84,9.42,2.71,9.76,3.52,5.57,4.28,6.73,3.22,5.44,-6.05,0
2026-04-20,23.67,24417.80,18.87,95.48,89.61,1.17,0.92,0.87,52.61,7.49,60.49,382.00,10.26,192.03,272.66,77.49,143.59,63.69,377.97,342.73,18.26,198.00,155119.00,-0.38,5.00,5.00,9.00,83.00,11.00,0.00,0.00,0.00,0.00,0.00,0.00,152.81,-2.21,2.38,-1.15,2.84,7.95,-1.31,5.64,-3.90,6.87,-9.56,-0.35,0.57,-0.28,-0.58,-0.03,-0.10,-0.45,0.89,-3.42,0.36,-2.48,-2.66,-3.07,1.30,-2.61,6.40,0.01,8.34,2.78,13.75,0.48,7.12,1.44,10.18,-0.27,3.98,0.21,5.33,0.55,4.78,-4.99,0
2026-04-21,23.30,24270.87,19.50,98.48,92.13,1.18,0.92,0.87,52.93,7.41,59.15,375.40,9.90,190.86,273.22,77.26,142.65,62.50,374.71,340.05,17.99,227.00,171556.00,-0.21,5.00,5.00,9.00,83.00,11.00,0.00,0.00,0.00,0.00,0.00,0.00,152.81,-1.56,-1.66,-0.60,0.94,3.34,6.21,3.14,3.89,2.81,0.93,0.37,0.13,-0.28,-0.45,0.02,0.05,0.60,0.64,-1.15,-3.75,-2.22,-5.44,-1.73,-5.30,-3.50,-2.21,-0.61,5.38,0.20,10.15,-0.30,5.97,-0.65,6.57,-1.87,0.11,-0.86,2.39,-0.78,2.66,-4.61,0
2026-04-22,22.84,24194.90,18.92,101.91,92.96,1.17,0.92,0.87,52.75,7.19,58.66,365.00,9.73,179.40,264.04,75.58,144.18,61.68,366.41,333.51,17.57,482.00,191394.00,-0.08,5.00,5.00,9.00,83.00,11.00,0.00,0.00,0.00,0.00,0.00,0.00,152.81,-1.95,-2.95,-0.31,0.53,-2.97,4.13,3.48,7.35,0.90,1.83,-0.34,-0.47,-0.08,-0.51,-0.18,0.02,-0.33,-0.03,-2.86,-4.30,-0.83,-5.34,-2.77,-6.65,-1.66,-4.77,-6.00,-3.39,-3.36,2.78,-2.17,-2.20,1.07,4.85,-1.31,-1.14,-2.22,0.93,-1.92,1.45,-3.39,0
2026-04-23,22.78,24155.45,19.31,105.07,95.85,1.17,0.92,0.87,52.68,7.16,56.88,367.60,9.58,176.75,249.84,74.70,141.87,60.76,367.51,334.12,17.17,455.00,214966.00,-0.03,5.00,5.00,9.00,83.00,11.00,0.00,0.00,0.00,0.00,0.00,0.00,152.81,-0.24,-1.51,-0.16,0.00,2.06,7.64,3.10,5.71,3.11,1.23,-0.33,-0.87,0.22,-0.41,-0.26,-0.32,-0.13,-0.30,-0.51,-1.40,-3.03,-0.87,0.71,-1.08,-1.52,-2.24,-1.48,-4.23,-5.38,-1.60,-1.16,-2.33,-1.60,2.95,-1.49,-1.51,0.30,1.61,0.18,1.18,-2.33,0
2026-04-24,22.74,24128.98,18.71,105.33,94.40,1.17,0.92,0.87,52.46,6.97,56.67,358.00,9.22,180.25,250.91,74.64,142.82,61.05,366.43,335.47,17.25,291.00,186067.00,0.82,5.00,5.00,9.00,83.00,11.00,0.00,0.00,0.00,0.00,0.00,0.00,152.81,-0.22,-6.05,-0.11,-2.32,-3.11,7.04,0.25,16.54,-1.51,12.58,-0.19,-0.84,-0.01,-0.43,0.06,-0.39,-0.43,-0.73,-2.63,-10.16,-0.37,-8.64,-2.61,-9.16,-3.80,-12.44,1.98,-6.12,0.43,-5.42,-0.08,-3.22,0.67,0.90,0.48,-4.40,-0.30,-2.85,0.40,-1.58,-3.50,0
2026-04-27,22.49,24083.53,18.02,108.23,96.37,1.17,0.92,0.87,52.67,6.96,55.53,357.60,9.04,177.52,244.70,76.27,141.06,60.95,359.96,332.30,17.17,144.00,152094.00,-0.02,4.00,6.00,9.00,88.00,12.00,0.00,0.00,0.00,0.00,0.00,0.00,152.81,-1.10,-4.99,-0.19,-1.37,-3.69,-4.50,2.75,13.35,2.09,7.54,0.19,-0.30,0.22,0.07,-0.16,-0.52,0.40,0.11,-0.08,-7.06,-2.01,-8.20,-0.11,-6.39,-1.97,-11.87,-1.51,-7.56,-2.47,-10.25,2.18,-1.57,-1.23,-1.76,-0.16,-4.30,-1.76,-4.77,-0.95,-3.04,-1.96,0
2026-04-28,22.22,24018.26,17.83,111.26,99.93,1.17,0.92,0.87,52.79,6.87,54.42,350.80,8.93,173.38,241.66,74.11,139.04,60.34,357.62,323.21,17.26,192.00,137957.00,-0.26,4.00,6.00,9.00,88.00,12.00,0.00,0.00,0.00,0.00,0.00,0.00,152.81,-1.18,-4.61,-0.27,-1.04,-1.05,-8.56,2.80,12.98,3.69,8.47,0.15,-0.52,-0.00,0.35,-0.03,-0.57,0.24,-0.25,-1.35,-7.24,-2.00,-8.00,-1.90,-6.55,-1.19,-9.76,-2.33,-9.16,-1.24,-11.55,-2.83,-4.08,-1.43,-2.53,-1.00,-3.46,-0.65,-4.56,-2.73,-4.95,4.75,1
2026-04-29,22.07,23954.56,18.81,118.03,106.88,1.17,0.92,0.87,52.92,6.84,53.91,347.70,8.73,173.98,250.04,74.47,140.28,60.37,353.25,314.35,17.08,130.00,167483.00,0.01,4.00,6.00,9.00,88.00,12.00,0.00,0.00,0.00,0.00,0.00,0.00,152.81,-0.70,-3.39,-0.27,-0.99,5.50,-0.58,6.08,15.82,6.95,14.97,-0.05,-0.22,0.42,0.86,0.06,-0.33,0.24,0.31,-0.48,-4.97,-0.94,-8.10,-0.88,-4.74,-2.28,-10.34,0.35,-3.02,3.47,-5.30,0.49,-1.47,0.89,-2.70,0.05,-2.12,-1.22,-3.59,-2.74,-5.75,6.41,1
2026-04-30,22.25,24292.38,16.89,114.01,105.07,1.17,0.92,0.87,52.78,7.05,54.65,351.60,9.06,168.36,247.84,74.61,140.36,61.04,360.98,323.92,17.41,129.00,176732.00,0.03,4.00,6.00,9.00,88.00,12.00,0.00,0.00,0.00,0.00,0.00,0.00,152.81,0.86,-2.33,1.41,0.57,-10.21,-12.53,-3.41,8.51,-1.69,9.62,-0.28,-0.18,-0.07,0.56,-0.02,-0.09,-0.26,0.19,3.07,-1.56,1.37,-3.92,1.12,-4.35,3.80,-5.49,-3.23,-4.75,-0.88,-0.80,0.19,-0.12,0.06,-1.06,1.11,0.46,2.19,-1.78,3.04,-3.05,4.27,1
2026-05-04,21.94,23991.27,18.29,114.44,106.42,1.17,0.92,0.86,53.02,7.20,53.24,351.60,9.00,165.58,245.98,73.93,138.86,59.72,346.56,311.24,17.57,79.00,131891.00,-0.23,4.00,7.00,9.00,99.00,13.00,0.00,0.00,0.00,0.00,0.00,0.00,152.81,-1.42,-3.50,-1.24,-0.57,8.29,-2.24,0.38,8.65,1.28,12.73,0.36,0.37,-0.85,-0.29,-0.33,-0.49,0.45,1.07,2.21,3.34,-2.58,-6.05,0.00,-1.79,-0.64,-2.39,-1.65,-8.14,-0.75,-1.96,-0.91,-0.95,-1.07,-2.77,-2.16,-2.18,-4.00,-5.42,-3.92,-7.23,4.95,1
2026-05-05,22.05,24401.70,17.38,109.87,102.27,1.17,0.92,0.86,52.87,7.43,54.43,343.20,9.41,167.63,248.12,72.95,139.73,60.44,353.82,312.62,17.84,105.00,148873.00,-0.22,4.00,7.00,9.00,99.00,13.00,0.00,0.00,0.00,0.00,0.00,0.00,152.81,0.48,-1.96,1.71,1.32,-4.98,-3.55,-3.99,1.52,-3.90,6.12,-0.30,-0.12,0.06,-0.44,0.08,-0.25,-0.28,0.40,3.20,6.74,2.24,-1.98,-2.39,-4.03,4.51,4.07,1.24,-5.57,0.87,1.40,-1.33,-4.35,0.63,-0.94,1.21,-0.84,2.10,-1.71,0.45,-5.92,4.04,1
2026-05-06,23.27,24918.69,17.39,101.27,95.08,1.17,0.92,0.86,53.02,7.90,58.53,373.60,10.31,168.32,246.14,79.17,139.88,61.60,358.35,321.36,17.88,315.00,180578.00,-0.24,4.00,7.00,9.00,99.00,13.00,0.00,0.00,0.00,0.00,0.00,0.00,152.81,5.58,4.75,2.12,3.75,0.06,-2.47,-7.83,-8.98,-7.03,-4.85,0.20,-0.07,-0.12,-0.56,-0.06,-0.28,0.28,0.43,6.34,15.06,7.53,7.55,8.86,6.50,9.56,15.40,0.41,-2.92,-0.80,1.85,8.53,6.83,0.11,0.60,1.92,2.09,1.28,0.20,2.79,-0.57,-1.37,0
2026-05-07,23.48,24663.61,17.08,100.06,94.81,1.17,0.91,0.86,53.22,8.05,59.32,373.90,10.62,171.28,252.25,76.73,140.46,61.33,351.36,320.15,17.60,162.00,181028.00,-0.34,4.00,7.00,9.00,99.00,13.00,0.00,0.00,0.00,0.00,0.00,0.00,152.81,0.88,6.41,-1.02,2.96,-1.78,-9.20,-1.19,-15.22,-0.28,-11.29,0.27,0.25,-0.05,-1.03,0.09,-0.25,0.38,0.57,1.82,17.72,1.35,10.04,0.08,7.54,3.06,21.71,1.76,-1.55,2.49,0.89,-3.08,3.03,0.41,0.13,-0.44,1.59,-1.95,-0.54,-0.38,1.84,-2.30,0
2026-05-08,23.20,24338.63,17.19,101.29,95.42,1.17,0.92,0.87,53.08,7.82,58.07,361.30,10.21,165.93,229.49,75.45,141.49,60.62,352.48,316.63,17.97,91.00,167527.00,-0.08,4.00,7.00,9.00,99.00,13.00,0.00,0.00,0.00,0.00,0.00,0.00,152.81,-1.17,4.27,-1.32,0.19,0.64,1.78,1.23,-11.16,0.64,-9.18,-0.13,0.40,0.06,-0.90,0.12,-0.11,-0.26,0.56,-2.77,11.05,-2.11,6.26,-3.37,2.76,-3.86,12.72,-3.12,-1.44,-9.02,-7.40,-1.67,1.13,0.73,0.81,-1.16,-0.69,0.32,-2.35,-1.10,-2.25,-2.71,0
2026-05-11,23.02,24350.28,18.38,104.21,98.07,1.18,0.92,0.87,53.31,7.99,56.60,363.20,10.15,157.80,220.99,76.15,137.05,59.29,352.62,315.38,17.42,100.00,153737.00,-0.08,5.00,7.00,9.00,91.00,14.00,0.00,0.00,0.00,0.00,0.00,0.00,152.81,-0.78,4.95,0.05,1.50,6.92,0.49,2.88,-8.94,2.78,-7.85,0.32,0.36,-0.03,-0.09,0.03,0.26,0.44,0.55,2.11,10.95,-2.53,6.31,0.53,3.30,-0.54,12.83,-4.90,-4.70,-3.70,-10.16,0.93,3.00,-3.14,-1.30,-2.19,-0.72,0.04,1.75,-0.39,1.33,0.15,1
2026-05-12,22.93,23954.93,17.99,107.77,102.18,1.18,0.92,0.87,53.48,8.19,56.28,360.60,10.15,160.56,221.01,76.36,135.48,58.84,349.54,313.42,17.19,190.00,160779.00,-0.08,5.00,7.00,9.00,91.00,14.00,0.00,0.00,0.00,0.00,0.00,0.00,152.81,-0.39,4.04,-1.62,-1.83,-2.12,3.51,3.42,-1.91,4.19,-0.09,0.09,0.75,0.15,0.00,0.02,0.20,0.32,1.15,2.50,10.19,-0.57,3.40,-0.72,5.07,-0.10,7.86,1.75,-4.22,0.01,-10.93,0.28,4.67,-1.15,-3.04,-0.76,-2.65,-0.87,-1.21,-0.62,0.26,0.24,1
2026-05-13,22.95,24136.81,17.87,105.63,101.02,1.17,0.92,0.87,53.30,8.13,54.94,351.10,10.20,155.03,217.09,74.70,132.97,58.91,349.50,311.27,17.01,112.00,160831.00,0.00,5.00,7.00,9.00,91.00,14.00,0.00,0.00,0.00,0.00,0.00,0.00,152.81,0.09,-1.37,0.76,-3.14,-0.67,2.76,-1.99,4.31,-1.14,6.25,-0.38,0.17,-0.07,0.06,0.12,0.38,-0.34,0.53,-0.73,2.87,-2.38,-6.13,-2.63,-6.02,0.59,-0.97,-3.44,-7.90,-1.77,-11.80,-2.17,-5.65,-1.85,-4.94,0.12,-4.37,-0.01,-2.47,-0.69,-3.14,3.07,1
2026-05-14,22.94,24456.26,17.26,105.72,101.17,1.17,0.92,0.87,53.37,7.91,55.21,348.20,10.12,154.48,216.71,74.69,133.67,59.55,352.77,316.37,16.76,111.00,157615.00,0.09,5.00,7.00,9.00,91.00,14.00,0.00,0.00,0.00,0.00,0.00,1.00,152.81,-0.07,-2.30,1.32,-0.84,-3.41,1.05,0.09,5.66,0.15,6.71,-0.17,-0.27,-0.02,0.09,-0.07,0.21,0.12,0.28,-2.68,-1.69,0.49,-6.93,-0.83,-6.87,-0.83,-4.71,-0.35,-9.81,-0.17,-14.09,-0.01,-2.66,0.53,-4.83,1.09,-2.90,0.94,0.40,1.64,-1.18,1.66,1
2026-05-15,22.58,23950.57,18.43,109.26,105.42,1.17,0.91,0.87,53.18,7.69,53.36,344.20,9.99,154.13,217.27,75.09,132.85,59.11,352.47,316.02,16.56,109.00,154400.00,0.00,5.00,7.00,9.00,91.00,14.00,0.00,0.00,0.00,0.00,0.00,0.00,152.81,-1.59,-2.71,-2.07,-1.59,6.78,7.21,3.35,7.87,4.20,10.48,-0.46,-0.59,-0.14,-0.11,0.55,0.64,-0.35,0.19,-2.81,-1.72,-3.35,-8.11,-1.15,-4.73,-1.25,-2.12,-0.23,-7.11,0.26,-5.33,0.54,-0.48,-0.61,-6.11,-0.74,-2.49,-0.08,-0.00,-0.11,-0.19,4.78,1
2026-05-18,23.06,24307.92,17.82,112.10,108.66,1.16,0.91,0.87,52.82,7.71,56.09,339.80,9.99,155.07,214.53,75.08,134.30,59.43,358.47,317.99,16.65,41.00,99944.00,0.04,4.00,4.00,8.00,75.00,12.00,0.00,0.00,0.00,0.00,0.00,0.00,152.81,2.15,0.15,1.49,-0.17,-3.31,-3.05,2.60,7.57,3.07,10.80,-0.41,-1.31,-0.02,-0.09,0.19,0.81,-0.67,-0.91,0.29,-3.48,5.12,-0.90,-1.28,-6.44,-0.04,-1.62,0.61,-1.73,-1.26,-2.92,-0.01,-1.41,1.09,-2.01,0.54,0.24,1.70,1.66,0.62,0.83,5.57,1
2026-05-19,22.99,24400.65,18.06,111.28,107.77,1.17,0.91,0.87,53.14,7.67,54.16,339.70,9.88,154.54,214.54,74.09,131.16,58.42,357.98,315.24,16.43,34.00,143055.00,0.32,4.00,4.00,8.00,75.00,12.00,0.00,0.00,0.00,0.00,0.00,0.00,152.81,-0.30,0.24,0.38,1.86,1.35,0.39,-0.73,3.26,-0.82,5.47,0.35,-1.06,-0.01,-0.25,-0.56,0.22,0.61,-0.63,-0.54,-6.35,-3.44,-3.77,-0.03,-5.80,-1.12,-2.63,-0.34,-3.75,0.00,-2.93,-1.32,-2.97,-2.34,-3.19,-1.70,-0.71,-0.14,2.42,-0.86,0.58,4.44,1
2026-05-20,23.66,24737.24,17.44,105.02,98.26,1.16,0.92,0.87,52.94,7.92,56.89,347.10,10.19,156.95,217.13,74.60,135.55,59.94,369.02,323.72,16.53,75.00,148781.00,-0.07,4.00,4.00,8.00,75.00,12.00,0.00,0.00,0.00,0.00,0.00,0.00,152.81,2.91,3.07,1.38,2.49,-3.43,-2.41,-5.63,-0.58,-8.82,-2.73,-0.41,-1.09,0.14,-0.05,-0.15,-0.04,-0.39,-0.69,3.29,-2.56,5.04,3.55,2.18,-1.14,3.16,-0.15,1.56,1.24,1.20,0.02,0.69,-0.13,3.35,1.94,2.60,1.75,3.08,5.59,2.69,4.00,3.17,1
2026-05-21,23.32,24606.77,16.76,102.58,96.35,1.16,0.91,0.87,53.12,7.81,57.42,350.30,10.09,159.68,217.66,73.61,134.25,60.32,369.83,322.61,16.65,79.00,177762.00,-0.03,4.00,4.00,8.00,75.00,12.00,0.00,0.00,0.00,0.00,0.00,0.00,152.81,-1.44,1.66,-0.53,0.62,-3.90,-2.90,-2.32,-2.97,-1.94,-4.76,0.16,-0.77,-0.06,-0.09,-0.12,-0.09,0.34,-0.47,-1.44,-1.31,0.93,4.00,0.92,0.60,-0.98,-0.30,1.74,3.37,0.24,0.44,-1.33,-1.45,-0.96,0.43,0.63,1.29,0.22,4.83,-0.34,1.97,4.16,1
2026-05-22,23.66,24888.56,16.70,103.54,96.60,1.16,0.91,0.86,53.12,7.89,59.62,370.20,10.26,161.06,214.20,71.82,132.35,60.61,369.15,321.08,16.45,46.00,179505.00,-0.16,4.00,4.00,8.00,75.00,12.00,0.00,0.00,0.00,0.00,0.00,0.00,152.81,1.44,4.78,1.15,3.92,-0.36,-9.39,0.94,-5.24,0.26,-8.37,-0.04,-0.35,-0.15,-0.10,-0.05,-0.68,0.01,-0.11,1.05,2.60,3.83,11.73,5.68,7.55,1.64,2.61,0.86,4.50,-1.59,-1.41,-2.43,-4.35,-1.42,-0.38,0.48,2.54,-0.18,4.73,-0.47,1.60,3.04,1
