Price,Close,High,Low,Open,Volume
Ticker,EXPE,EXPE,EXPE,EXPE,EXPE
Date,,,,,
2023-01-03,86.60575103759766,88.29479933217911,85.25253346941405,87.54410868928078,1433100
2023-01-04,89.87519073486328,90.40857557297136,87.51447355666902,87.51447355666902,1882800
2023-01-05,91.86058044433594,92.59151198512559,88.89733591387349,89.03562005575476,2689000
2023-01-06,92.95697784423828,93.48048315148566,92.00874053633204,93.23354611705423,2812400
2023-01-09,92.62113952636719,94.27068464309205,92.3149400152737,93.16440401629457,1911300
2023-01-10,93.4804916381836,93.4804916381836,91.33707979334842,92.58164466992923,2008700
2023-01-11,98.02411651611328,99.02174417849278,95.67327881862232,96.77955937175204,2928100
2023-01-12,101.79732513427734,102.47887379074169,97.9154744810563,99.24894055429878,2668200
2023-01-13,104.79019165039062,105.72855686102024,100.93798011343925,101.59976952764167,2658500
2023-01-17,105.24457550048828,106.47926077132499,103.51601612131691,104.92849637259093,2500600
2023-01-18,102.59740447998047,108.08928185884689,102.50850322656578,106.81508582331959,2823800
2023-01-19,105.75819396972656,106.72619047116464,101.2145539933265,101.63928599866358,2726800
2023-01-20,109.93637084960938,110.07465498615116,105.46186545120956,106.42986194292226,2886400
2023-01-23,114.31209564208984,114.56890473281616,109.7388169275369,109.9166118943045,2510800
2023-01-24,113.75894927978516,115.4973880826933,113.51201224955071,113.90711300510985,2024300
2023-01-25,115.01339721679688,115.07265969441536,110.93399252652944,112.09953564718866,2489600
2023-01-26,115.29984283447266,117.1765582576809,114.0058876563379,116.2777113756913,1809900
2023-01-27,114.75657653808594,116.54439821841743,114.23307124180677,114.84547025137707,1740100
2023-01-30,114.14417266845703,115.1516799915626,112.37610259321276,113.3144678479421,2470800
2023-01-31,112.89961242675781,113.94662301593823,112.07977968364634,113.67005474980907,1730700
2023-02-01,116.45550537109375,116.78146406075861,111.84272343887947,112.55389575825716,1826400
2023-02-02,119.96200561523438,123.41912401954569,117.63091945973943,118.48038344195811,3419700
2023-02-03,117.24569702148438,119.50764108571138,116.1196647849235,117.25557661258964,1961800
2023-02-06,117.61117553710938,118.61867536529792,115.25045798886077,116.02090036381448,2049000
2023-02-07,118.7273178100586,119.32984474989476,116.00113849818867,117.71981807061448,2046300
2023-02-08,117.69019317626953,119.42863202436827,115.6850656443899,118.21369848822782,2078800
2023-02-09,116.26782989501953,120.4855185728116,115.56652963657805,119.32984754914655,5905400
2023-02-10,106.32121276855469,111.44762819935167,104.41485849269519,110.04502760192068,9397000
2023-02-13,109.98575592041016,110.58828289985165,106.68668068890327,107.18055476805726,3480000
2023-02-14,113.54164123535156,114.0453948770956,108.63253950183484,109.39310222406647,3079000
2023-02-15,114.53926849365234,116.89010625301464,113.81821660251782,115.28007956685407,3095200
2023-02-16,110.16354370117188,113.47249830838025,109.87709584964543,112.36622526625871,3251000
2023-02-17,107.62503814697266,109.1856820416896,105.55076852706702,109.09678078899289,3583400
2023-02-21,106.70642852783203,108.09915699858055,105.63965874631232,105.67916957554492,2135400
2023-02-22,106.64717102050781,108.2176869920913,106.28170148501961,106.51875893553928,1726800
2023-02-23,105.60014343261719,107.62502233283647,104.49386294779194,107.05212667805628,2339000
2023-02-24,103.0320053100586,105.17542448530897,102.25168338091808,103.06163654829226,1962300
2023-02-27,105.53101348876953,106.65705336360664,104.17780328522156,104.36547785368118,1843500
2023-02-28,107.63491821289062,108.16830312366027,105.31371154381715,105.43223650004124,3088900
2023-03-01,104.85933685302734,108.9584852414781,104.48398777015186,108.48437039647271,2474200
2023-03-02,104.48400115966797,105.6495443122221,103.0616413705387,103.50613257260187,2205700
2023-03-03,106.29158020019531,106.97312884272927,104.48399925707855,105.777946936398,2688400
2023-03-06,107.2200698852539,108.74119547825137,106.24219374357178,106.25207333560755,1868100
2023-03-07,106.19280242919922,109.28445133006124,105.83721250333342,107.41760798722582,2381600
2023-03-08,105.91622924804688,107.29907052235257,104.73092703817375,106.03475419389036,1345100
2023-03-09,99.56501007080078,105.95573385625431,99.43659799664803,105.63965477021037,2533200
2023-03-10,97.08576202392578,100.67128492768198,96.27580888027066,98.77481037706316,2650800
2023-03-13,93.83607482910156,95.38683913273516,92.71004253402597,95.26830664107233,3798500
2023-03-14,92.94709777832031,97.96486010097264,92.19640708742331,96.16715880092573,3675500
2023-03-15,90.60614013671875,91.33707164976667,89.14426957470265,90.34932351043479,4001400
2023-03-16,93.95460510253906,94.64602578111385,89.23316269769909,89.71716470862164,3199400
2023-03-17,92.27543640136719,93.83608038909097,90.72467200584747,93.25331255970598,3594100
2023-03-20,93.40145874023438,93.68790659604647,92.1865327867389,92.51249147120647,1894600
2023-03-21,95.56463623046875,96.45361109793629,95.11027297285656,95.35721001737974,2305900
2023-03-22,92.49273681640625,95.90046494360703,92.41371515522724,95.36708757044967,2168400
2023-03-23,91.51486206054688,94.82381665540031,90.49748273342882,93.69778443549102,2208000
2023-03-24,89.43070983886719,90.91233192194467,87.9194565198753,90.14188964449151,2671200
2023-03-27,89.61839294433594,91.50498799171594,89.34181713222758,91.10988722462432,2609300
2023-03-28,91.90008544921875,92.04824917353234,89.98385169618174,90.05299376273875,4318200
2023-03-29,93.86570739746094,94.4781139758452,92.84832798802033,93.77681367939509,2736600
2023-03-30,94.95222473144531,95.86095873554507,94.49786149735552,94.92259349338383,2088700
2023-03-31,95.84120178222656,96.25605419657742,95.14978109164177,95.81157054347582,1995500
2023-04-03,93.90521240234375,95.69303406778047,93.11501090093435,95.3572033280295,1769000
2023-04-04,92.62113952636719,94.65590581379683,91.82106594658343,94.41884083496294,1434700
2023-04-05,90.36907958984375,91.99886560686323,89.04550063546178,91.86058146344783,2154700
2023-04-06,90.57649993896484,91.24816896459213,88.94672156341524,90.75429490268736,1603000
2023-04-10,88.70964813232422,91.25803985746923,88.62075442689608,89.69739616198481,2683100
2023-04-11,90.66539001464844,90.83330536638034,88.83805771799607,89.28254130456152,2428300
2023-04-12,88.24541473388672,91.34695080978695,87.96884646192726,91.18890749099856,2258800
2023-04-13,89.84556579589844,90.81356224457704,88.9961018315233,89.15414514392795,1643400
2023-04-14,90.90245819091797,90.95184861123877,89.09487732442584,89.54924809080099,1737600
2023-04-17,92.23590850830078,92.87794623623644,91.10000430032166,91.37657254351377,2125800
2023-04-18,94.36944580078125,95.36707340116139,93.69777685239451,94.12250879822611,2619500
2023-04-19,94.16204071044922,94.96211436640947,93.29281744380503,93.73730866949926,2744500
2023-04-20,92.86808013916016,93.7373033565374,92.32482316421991,93.22367008519257,1557000
2023-04-21,92.6507797241211,92.7199217933632,90.4283463808701,92.62114094937132,1559900
2023-04-24,93.03599548339844,93.32244333527069,92.09763027155762,93.2631733251427,2133300
2023-04-25,90.98149108886719,92.69029132582196,90.9419802549134,92.34458094862774,2756000
2023-04-26,88.7689208984375,92.04824415743113,88.5812463554728,91.22841145870281,2144100
2023-04-27,91.27780151367188,91.41608563870113,89.01585756009385,89.8850731368377,2581900
2023-04-28,92.80880737304688,93.38170305992288,91.07036866690434,91.18890114775031,1665300
2023-05-01,93.26317596435547,94.40896740426874,92.49273363416833,93.06562935412497,2085700
2023-05-02,92.09764099121094,93.5101212329611,91.05063030009572,93.10514838553608,2440500
2023-05-03,89.4603500366211,92.26555871360911,89.09488050658607,91.86057835309028,2950900
2023-05-04,88.07749938964844,89.2134112520866,86.86257340370936,88.6108842868608,4468700
2023-05-05,92.39395904541016,96.60176810095723,90.80368398661213,93.19403260242431,7073300
2023-05-08,91.34695434570312,95.11027247296192,90.78393818858629,93.04587487291987,2780200
2023-05-09,92.11739349365234,93.83607314434371,90.19128010229525,91.10001411688722,2424000
2023-05-10,89.91471862792969,92.79894160140621,89.58875990900316,92.05813044162089,3455500
2023-05-11,90.10238647460938,90.80368674921687,89.55912198361473,89.79618696291435,1572500
2023-05-12,88.35405731201172,90.32955335061159,87.7218991825333,90.21102841128398,1886200
2023-05-15,91.10000610351562,91.26792146364599,87.99847028883227,88.20590401125163,2395400
2023-05-16,91.5741195678711,94.1718941911696,91.25804049759934,92.23590894376517,3159300
2023-05-17,94.0632553100586,94.76455555996345,90.7938039596435,92.16677322206458,2442800
2023-05-18,97.06600189208984,97.2931872695392,93.30268406503656,93.737295637938,2492500
2023-05-19,95.44609832763672,97.40184292524147,94.0434978028455,97.21416837054402,2487200
2023-05-22,95.63377380371094,95.94985290439814,94.22129367403244,95.60414256550904,1751200
2023-05-23,93.0063705444336,96.12765081744918,92.9075896995044,95.51524424412213,1706300
2023-05-24,92.1766586303711,92.85820727700224,90.8728313515466,92.1569069828388,1516000
2023-05-25,94.61638641357422,94.8238125993249,91.17901989104409,93.06562227979288,2846700
2023-05-26,95.1695327758789,96.92772327769629,94.54725415411039,94.79419119168969,1825800
2023-05-30,95.82144165039062,96.12764113826242,94.00398129676536,95.81156205970841,1929900
2023-05-31,94.5373764038086,95.3078187703143,91.72229562776064,94.93247717881474,3727700
2023-06-01,97.45123291015625,98.41922184539328,93.90521324891179,94.45834978333295,2256000
2023-06-02,102.00474548339844,102.3998462403131,98.64640788942427,98.77481243265547,2435300
2023-06-05,105.59027099609375,105.91622967030233,100.85895680037198,101.67878951335003,4250700
2023-06-06,110.617919921875,111.44763233690905,106.11379049601263,106.15330132872099,5556400
2023-06-07,107.7534408569336,112.9687573605748,107.6842987886464,111.71431300403813,3755500
2023-06-08,106.350830078125,107.6349055495632,105.05688255210985,106.45948296582759,2884200
2023-06-09,109.12642669677734,109.71907412178527,107.24970357098485,107.65467642263727,3394200
2023-06-12,109.45237731933594,110.04503227721708,107.83247084921473,109.64005189172636,2285400
2023-06-13,109.60054016113281,110.4500042221561,108.70169321130447,109.91661928598421,1916500
2023-06-14,107.59539794921875,110.32158474217243,106.54838740278919,110.13391019671063,2061600
2023-06-15,105.79769897460938,106.50887880819383,104.72104963323294,106.49899921719407,3318000
2023-06-16,104.57289123535156,106.41010325460091,104.16791090804877,106.18291788193255,3791800
2023-06-20,105.61002349853516,106.2619408522406,103.61477568152605,103.68391774607785,2857300
2023-06-21,103.72342681884766,105.96561161930767,103.41721979308214,104.9778635504686,2598800
2023-06-22,106.01500701904297,106.87434305632681,104.20742615950374,104.45436318831773,2659500
2023-06-23,103.50613403320312,104.1975547538308,102.18254753610358,103.96049729760426,4099900
2023-06-26,102.88384246826172,105.4025955222677,102.36032966160067,102.53812461542978,1886200
2023-06-27,106.76569366455078,107.21018485255507,103.05176605516927,103.90123006504022,2561100
2023-06-28,107.00275421142578,109.88697687447663,106.24218394912319,107.00275421142578,2329900
2023-06-29,106.51875305175781,106.99287546252852,105.33345832871116,106.9336129871522,2020600
2023-06-30,108.04976654052734,108.94862094943639,107.06201841781593,107.57565166174115,2195500
2023-07-03,111.40811920166016,112.10941951191762,108.03002220208059,108.08928468195792,1625000
2023-07-05,110.17341613769531,111.69454900775257,109.22517893348807,111.19079540254518,1873300
2023-07-06,107.66454315185547,108.51400712271618,106.33108472092015,107.90160058635242,2349000
2023-07-07,110.50926971435547,111.52665672561692,107.85223208914461,107.97075705424308,2114400
2023-07-10,112.92923736572266,113.46262222175902,109.88697153614616,110.10427731481872,2350900
2023-07-11,115.52703094482422,116.39624666577812,113.47251283792859,113.77871991065533,2643600
2023-07-12,114.61829376220703,117.54202731893913,114.31209425379501,117.23582781052711,1964400
2023-07-13,118.19393920898438,118.99401274458441,116.06039973282456,116.59378460186451,2508600
2023-07-14,117.1173095703125,118.52978986767243,116.67282587267717,118.0359157432238,1742200
2023-07-17,119.65580749511719,120.09041908246698,115.89248954295516,116.61354145550897,2136800
2023-07-18,119.51751708984375,120.63366970180125,118.6581735515559,119.04339469798016,2251000
2023-07-19,117.64079284667969,119.42862196590349,116.41598735809075,119.42862196590349,2256800
2023-07-20,117.41362762451172,119.93238093525126,116.60367442693705,116.8209726940596,1557200
2023-07-21,117.54202270507812,118.7371969896177,117.2358232086853,118.36185542836456,1158100
2023-07-24,115.39860534667969,117.05802235567393,114.52938224830396,116.89997905199853,1772700
2023-07-25,115.99126434326172,116.69256461811928,115.02326785057707,115.39861696664185,2570900
2023-07-26,118.09516143798828,118.19394227757196,115.77395489025187,115.99126067986397,1433100
2023-07-27,117.36422729492188,120.12992495051019,117.31483687624643,118.92487107965985,1491600
2023-07-28,118.61865997314453,119.81384174793278,117.83834564350467,119.05327152761299,1306200
2023-07-31,121.02877807617188,121.08804055292448,118.44088277903818,118.60879815378406,1885400
2023-08-01,119.2607192993164,120.01141006492442,117.71983447047134,120.01141006492442,1389700
2023-08-02,116.55427551269531,119.29033442714619,115.29983874459226,117.43337071665476,2319800
2023-08-03,97.46109771728516,108.19792167118706,96.07824894815468,104.98774052738251,13985700
2023-08-04,101.92573547363281,102.95299446869453,99.77244417427505,99.85145830011024,5802000
2023-08-07,106.17304229736328,107.16079040795424,102.75543473902901,102.79494556776305,5171500
2023-08-08,108.49425506591797,108.98812914950847,104.27657370786015,105.56064933956362,3014100
2023-08-09,108.4646224975586,110.59816212976763,108.18805421988417,108.95849657509731,3156300
2023-08-10,110.30183410644531,111.19080894866617,109.02763808858212,109.64992424609689,2268600
2023-08-11,110.17341613769531,111.09202210675848,109.1066464569924,109.1066464569924,2840500
2023-08-14,110.55864715576172,110.68705169817814,107.97074437351635,109.64992069576842,1795700
2023-08-15,106.11378479003906,110.95375226570636,105.35322202508239,110.60804191799878,3225700
2023-08-16,105.82733917236328,107.03239315509198,105.48162881729861,105.73844545359832,1989200
2023-08-17,104.3358383178711,106.67680423484494,104.28645543005548,106.67680423484494,3045800
2023-08-18,105.896484375,106.63729553029785,101.80720740062951,102.08377569286006,2535200
2023-08-21,106.74593353271484,107.5163758209127,105.91622877186167,106.0940237257473,1713900
2023-08-22,107.25955963134766,108.8004517496749,106.91384931297671,107.279318812923,1429800
2023-08-23,106.27181243896484,107.68429249651628,106.1730391380289,107.2595605201639,1839000
2023-08-24,104.66179656982422,107.28921035393283,104.61241368222494,105.96562386999044,2426900
2023-08-25,105.62979125976562,106.78545480510466,104.87910054371682,104.94824261388445,1894800
2023-08-28,106.84471893310547,107.22006806488501,105.70880701773991,106.113787389203,1163600
2023-08-29,108.6029052734375,109.09677934477813,106.57802610249307,106.57802610249307,1405000
2023-08-30,107.52626037597656,109.27457122330229,107.33858582267716,107.72380698456114,1646500
2023-08-31,107.06201934814453,108.25719368270053,106.77557148575869,107.63491507291623,1704200
2023-09-01,108.2275619506836,108.6325422999082,106.90398307802985,107.89173120481748,1593900
2023-09-05,108.86959838867188,110.10428353182789,107.21018125483339,108.05964523619832,2004100
2023-09-06,107.08177947998047,108.36584754049233,104.63216077685342,107.85222182347164,2368900
2023-09-07,104.4642333984375,105.68903884130738,102.26155198341694,105.68903884130738,3926900
2023-09-08,108.45475006103516,108.94862413683965,104.60253076257602,104.69142447897907,2622200
2023-09-11,107.1607894897461,110.01538090202074,106.7261854492356,109.42273354792827,1774500
2023-09-12,108.30657958984375,109.38322139084296,106.17304009792328,106.17304009792328,1799000
2023-09-13,105.5112533569336,108.42510728220415,105.01737929936773,107.44723875828136,2488800
2023-09-14,105.61990356445312,106.5780204174941,103.62465573847079,106.40022545985846,2217100
2023-09-15,105.60014343261719,107.79293768602122,104.78031077518202,105.39270971877804,5677000
2023-09-18,104.44448852539062,105.75819538929001,104.1679202458161,104.94824219799874,2265900
2023-09-19,103.29869842529297,104.5136243719258,102.51837651957531,104.11853115944291,2122300
2023-09-20,103.01225280761719,104.66179036689857,102.93323114903697,103.58514852844358,1282200
2023-09-21,100.71080780029297,101.88623059584492,100.37497702209006,101.47137815126925,1805100
2023-09-22,99.6341552734375,101.68866562947176,99.27856534844847,100.71079710371198,2335000
2023-09-25,99.45635986328125,99.94035432836888,98.28093719786264,98.90321579583247,1768000
2023-09-26,98.17228698730469,99.57488753684918,97.68829250898136,98.40934443073975,1667500
2023-09-27,99.0217514038086,99.90084664880918,98.21179822742872,99.03163099530306,1676100
2023-09-28,101.32320404052734,101.78744686305167,98.46861257428212,98.53775464130148,1695200
2023-09-29,101.80719757080078,103.4172242799298,101.32320310612863,102.38009328420377,2227900
2023-10-02,100.79969024658203,102.03437529352243,100.36507869856479,101.45160003268843,1910400
2023-10-03,97.55988311767578,100.19717645029469,96.74005786654273,99.76256484541419,2056800
2023-10-04,98.95260620117188,99.37733819093854,97.81669436473358,97.99448932640148,1722300
2023-10-05,98.67604064941406,99.48599382241798,96.87833933684828,99.32795050284636,1311700
2023-10-06,99.24894714355469,99.81196334273307,97.26357105764312,97.64879227097985,1453700
2023-10-09,98.4488525390625,99.16991197680781,95.45597696470054,97.36233112277453,1637100
2023-10-10,100.24655151367188,101.47136457076313,98.96248351861283,99.35757672575723,1546700
2023-10-11,102.34058380126953,102.419605459865,99.979866386151,100.75030871765644,1707900
2023-10-12,101.36271667480469,102.70605474589257,100.7305584691069,102.11339983412067,1364700
2023-10-13,97.94510650634766,101.72817605199393,97.69816947808751,101.23430199547363,1526200
2023-10-16,98.4488525390625,100.33545505069637,98.07351096933976,98.83407369996532,1627000
2023-10-17,100.30582427978516,100.97749330067528,97.89571646319357,98.09326307219415,1385700
2023-10-18,97.69817352294922,99.4366048480121,97.64878310088432,98.41922545520633,1670000
2023-10-19,94.48798370361328,98.07350647378411,94.10275502444877,97.8562006933035,2381500
2023-10-20,92.50261688232422,94.05338119529178,91.90008990060556,93.86570663300945,2719900
2023-10-23,94.0632553100586,96.04862357429859,91.37657925999373,92.38407901080807,2325400
2023-10-24,96.09801483154297,96.25605061096668,94.64602389948234,95.32757250904224,1229700
2023-10-25,94.79418182373047,95.56462409909228,94.1620236728736,94.54724481055452,1380100
2023-10-26,93.8755874633789,95.31769889467704,92.01862360717048,94.7941935676349,2857000
2023-10-27,91.9395980834961,94.95222536940389,91.83094518592719,94.15215179268769,1598900
2023-10-30,93.78668975830078,94.91272211762661,93.12490026457645,93.69779603642175,1922200
2023-10-31,94.12250518798828,94.46821547112128,92.90757186621349,94.0928739545653,1714700
2023-11-01,92.12725830078125,94.37933020922989,91.34694396447907,94.12251360340406,2208300
2023-11-02,93.67803192138672,95.12015086727754,92.05812554109554,93.89533772243658,5082300
2023-11-03,111.32908630371094,111.58590291713188,106.479247101181,106.67679370478487,9058600
2023-11-06,110.22281646728516,114.33185253861463,109.41286325613741,112.40574659012931,3630400
2023-11-07,116.60366821289062,119.68543751458954,110.44999412887914,110.51913619562443,5570000
2023-11-08,115.13192749023438,117.3247296944532,114.99364334545668,116.58391854632093,2854400
2023-11-09,112.2773208618164,116.58390303276516,112.04026343601657,115.09240134293849,2207100
2023-11-10,117.2259521484375,117.621052920357,112.31684257835256,112.31684257835256,2768200
2023-11-13,117.02840423583984,118.35198314081994,116.28759312265596,116.54440221603039,1731500
2023-11-14,121.12755584716797,122.42151107934676,119.43850737418275,120.03115477131293,2382100
2023-11-15,128.7332305908203,132.7237268693616,122.99440816243805,123.23147316712212,5690800
2023-11-16,128.22946166992188,129.96789284709752,125.49339529616203,126.51077460241999,2704500
2023-11-17,134.70907592773438,135.81534885542303,130.4518844951058,132.65455829642812,4811800
2023-11-20,133.24722290039062,135.09432223817856,131.47916029713681,134.17570859723273,2473000
2023-11-21,133.81024169921875,134.46215908870298,132.04216408881524,132.39775402200294,1817900
2023-11-22,135.2128448486328,136.46728923036275,134.5411833351653,134.8177516138685,1653900
2023-11-24,134.74859619140625,135.47953522319173,133.16820824873082,134.3633750289961,723200
2023-11-27,134.23497009277344,135.66721699480976,133.66208941816805,133.82011767055525,1361000
2023-11-28,133.76084899902344,135.9635230930497,133.08918750991202,134.44239761534195,1555800
2023-11-29,134.08680725097656,137.03029242760465,133.70158608716227,134.02754477528825,7804400
2023-11-30,134.51153564453125,135.11406261806283,132.6842106126894,134.69921020426347,3584600
2023-12-01,137.6031951904297,138.0674380362093,134.38314158117456,134.38314158117456,3259800
2023-12-04,138.10694885253906,139.43052771111059,136.76361081152675,136.8031141045682,1685600
2023-12-05,136.704345703125,137.75137146199626,135.42028509259663,136.7636232558412,1419400
2023-12-06,137.29698181152344,138.7786039174032,136.51666746736947,138.1859490463155,1749800
2023-12-07,141.8900146484375,142.13695168407477,137.38588552990825,137.69208504260396,2059300
2023-12-08,143.71734619140625,144.04330486767762,140.76397399501266,140.95164854242705,1748500
2023-12-11,146.5225372314453,148.10294008745527,144.09268554974042,144.21121048879763,2040800
2023-12-12,143.10494995117188,145.7126043395904,141.63319985219385,144.55694086797945,1805200
2023-12-13,143.12469482421875,144.50755121855903,140.49729631146823,143.10495071378304,2202700
2023-12-14,145.0310516357422,146.5028016930994,143.31236455967775,143.993913142804,2207300
2023-12-15,144.2013397216797,145.26810939823295,142.1073036579986,144.09268683596113,4764200
2023-12-18,146.6509552001953,146.85837385189524,144.09269135030115,144.82361526636276,1857000
2023-12-19,149.66358947753906,149.94015772712507,146.66082695083492,146.66082695083492,2589000
2023-12-20,146.64109802246094,152.87378648174823,146.45342346113304,149.4265399878937,2938600
2023-12-21,152.6268310546875,152.68609352547435,148.26098653526773,148.65607972173942,2590700
2023-12-22,153.4071502685547,153.69360564895098,151.79711609221806,152.98242583313598,1940300
2023-12-26,151.2637481689453,153.93066510810937,150.97730784258312,153.34789732809773,1530600
2023-12-27,151.37240600585938,152.152720423154,149.84139333857712,151.46129972330291,1420100
2023-12-28,151.40203857421875,152.0638280407321,150.4636808253369,151.1353423477059,1146700
2023-12-29,149.93026733398438,153.2589884548557,149.49567085970318,152.17245958955547,1307400
2024-01-02,146.93740844726562,150.51306697670827,145.43604212040012,149.81175916299352,2897900
2024-01-03,143.21360778808594,146.6509670842168,143.12469900117046,144.81375494679781,4108200
2024-01-04,143.04568481445312,145.5347991353672,142.78886066653683,144.20134826455742,2709600
2024-01-05,144.52732849121094,145.74225459603898,142.5123136583898,142.5123136583898,1579600
2024-01-08,147.8461151123047,148.62644448154256,144.24084089941948,145.30761056035527,2333900
2024-01-09,150.8587646484375,151.28350417317387,146.7497439646664,146.78924725746418,2094900
2024-01-10,149.9895477294922,152.8836422874573,149.4956737034772,150.1673351443748,1566700
2024-01-11,149.34750366210938,151.21434689269176,148.4289052007647,149.69322151185546,1621900
2024-01-12,146.78924560546875,149.92040527089566,146.2064778442598,149.36726874691158,1376300
2024-01-16,146.82875061035156,147.51029921815254,144.91253193615415,145.52493094173064,1342000
2024-01-17,145.49530029296875,146.008933532669,144.19146554723122,144.80387962712618,1657500
2024-01-18,147.13497924804688,147.95479699497434,144.39891250008802,147.0065671584079,2179800
2024-01-19,146.749755859375,148.1424693530229,143.5296871131937,148.10296605702322,2514100
2024-01-22,143.8754119873047,148.0634548711148,143.5000628338153,147.63873036319112,2510500
2024-01-23,146.6806182861328,147.10534280830186,143.61859261640583,144.82364671312348,1911100
2024-01-24,146.749755859375,149.1203454872296,146.03857595665036,148.1622285369434,1302500
2024-01-25,150.4340362548828,151.68848054207248,147.9251476805035,148.94252700159632,2112600
2024-01-26,150.0685577392578,151.65883274223486,149.8512670289385,150.73036221245755,1701000
2024-01-29,152.0934600830078,152.3008938317997,148.5968381678387,150.06857330567425,1811600
2024-01-30,149.8611297607422,151.91564743671313,148.1819611527563,151.64895125304804,2014400
2024-01-31,146.51266479492188,149.99941408025308,146.1472028525564,149.29810635837057,1459900
2024-02-01,149.66358947753906,149.91052649122938,144.97178621742316,147.16458810474026,1960900
2024-02-02,149.1993408203125,151.51066756034305,144.7544747486359,148.86351011213821,1969300
2024-02-05,149.8512725830078,150.46367158896808,145.7323496960503,148.11282626130372,1899400
2024-02-06,151.81687927246094,152.48855581479518,148.7845004564633,151.0464369636751,1865700
2024-02-07,152.48854064941406,154.84925776013787,149.23884129799828,153.16020205310997,2300900
2024-02-08,157.51620483398438,158.08910059196492,152.92318178595846,154.58259150824043,7400400
2024-02-09,129.50364685058594,131.17294345900365,124.505644151765,129.0097728278275,18487400
2024-02-12,131.96316528320312,135.617830601481,130.42226543395688,130.42226543395688,6862200
2024-02-13,133.18795776367188,134.7090983644382,129.0986809999111,129.78022963917803,4907400
2024-02-14,133.168212890625,134.7881192546411,132.23972721762053,133.78061192097235,3396300
2024-02-15,136.832763671875,138.00818649919572,134.2251088984625,134.33376180868146,3710900
2024-02-16,133.5929412841797,136.26974548237112,133.1682168014568,136.2499862986646,2670400
2024-02-20,134.32388305664062,135.11406955865436,131.80512213390787,132.04217205577544,2443200
2024-02-21,132.99041748046875,134.5214302098488,132.20021590351377,133.16821999440833,2019700
2024-02-22,137.39576721191406,137.58342669121484,133.93864885000806,134.33374206263278,2699800
2024-02-23,134.63006591796875,137.03028651074732,133.35586245832815,135.3214865575445,3320100
2024-02-26,133.29661560058594,135.44002737028623,132.8422598721407,134.6300816895684,2682400
2024-02-27,134.57081604003906,135.60793956055284,133.7608553065564,134.58068809587144,2070100
2024-02-28,133.8695068359375,135.6375844814706,133.67196021842832,133.84974765263433,1902000
2024-02-29,135.14369201660156,136.21044662039623,134.17568810036607,135.19306736038115,2412200
2024-03-01,135.16343688964844,136.1116816306306,134.55103793366675,134.63005958473516,1843000
2024-03-04,133.85963439941406,135.5289311955235,133.51391651587585,134.94614832854418,2229500
2024-03-05,132.38787841796875,134.07693432329737,131.47915196236647,132.93114289464404,3030900
2024-03-06,130.8766326904297,133.7806147253949,130.61982359176784,133.43489683672155,2361300
2024-03-07,131.79522705078125,131.99278873620128,129.7999866602353,131.12356555024272,1968500
2024-03-08,134.116455078125,134.40291050850476,131.39027535637075,131.97304320184398,1859200
2024-03-11,135.25234985351562,135.60793979803594,133.5139184979946,133.5139184979946,1431600
2024-03-12,134.94615173339844,136.4376611334402,134.85725801430542,136.30924904685617,1611200
2024-03-13,133.66207885742188,135.53879420086736,132.1804567214892,133.14844563018343,2093400
2024-03-14,134.07693481445312,134.4028935016524,132.98053380181574,134.03741644954647,1869100
2024-03-15,131.83473205566406,133.6423127768145,130.8864873060065,133.2570916442309,3974400
2024-03-18,131.57794189453125,133.13857075814397,130.87663405402785,132.15082257660413,1688300
2024-03-19,133.89913940429688,133.9584018829539,131.0741790375315,131.54829393862863,1598400
2024-03-20,136.4080352783203,136.92165350124873,133.4151593759848,133.61270600571436,1906500
2024-03-21,134.71896362304688,137.29698678351014,134.6597011481599,137.2475963638243,1681300
2024-03-22,135.16343688964844,135.77585091746897,133.49414030644533,134.01764555691463,1246300
2024-03-25,135.627685546875,136.56604320223582,135.10418027372089,135.49927347434453,1172900
2024-03-26,134.94615173339844,137.17847226956442,134.8967763817964,136.7043422907193,2524500
2024-03-27,137.28712463378906,137.42540877578276,134.95603833172336,136.19072355375306,2221100
2024-03-28,136.0623016357422,138.18595403544063,135.9042583215008,137.75135752903685,2081500
2024-04-01,131.5878143310547,136.04255321682027,131.28161480538637,135.86476577811266,3621900
2024-04-02,130.07655334472656,131.6075659569875,128.90113066130147,130.4420153289766,2306200
2024-04-03,128.9603729248047,130.64942859,127.9627528980801,129.35548115705055,2239100
2024-04-04,129.09866333007812,132.7533279934032,128.84185427048055,130.2345825973291,2750100
2024-04-05,130.17532348632812,130.69884387767024,128.82211332895773,129.44439949327997,1666800
2024-04-08,130.540771484375,131.8643501079176,129.9086134050832,130.01726628145386,1113000
2024-04-09,131.63720703125,131.72610075214118,130.135825544886,131.17296417080746,1108700
2024-04-10,129.79010009765625,132.56568504274483,129.34561644720796,130.52103915010585,1510900
2024-04-11,131.5878143310547,132.5953216992547,129.95803585553688,130.5210444832855,1693200
2024-04-12,128.86163330078125,131.35074784539415,128.7826116383083,130.2938651374808,2126200
2024-04-15,127.07379150390625,131.4989139992088,126.52065495995355,129.8888797166147,1812600
2024-04-16,127.3602523803711,128.67395926467535,126.42188709047356,127.0737969687505,1598300
2024-04-17,127.15280151367188,129.2665817254515,126.66881461797594,128.58503316343823,1332200
2024-04-18,126.72808837890625,128.2195826327043,126.27371760647272,127.92325517866854,1252300
2024-04-19,127.41950988769531,128.34799554953423,126.4613929874437,127.23183532985462,1351000
2024-04-22,129.97776794433594,130.01728630828737,126.47125919971796,127.91337804714861,1418800
2024-04-23,133.36575317382812,133.65219349227468,130.51116175717698,130.9062549698977,1420200
2024-04-24,134.13619995117188,137.29699097360623,132.81262106550255,133.66208506576683,1776300
2024-04-25,134.58067321777344,135.26222179088433,132.37799926338838,132.88174534828633,1501600
2024-04-26,134.03741455078125,136.30923820184668,133.99791125827434,134.5806790217508,1412700
2024-04-29,134.98565673828125,135.39063706984754,133.2373384099835,134.62017969845425,2285400
2024-04-30,132.9805450439453,135.8153775561276,132.63482714506586,134.82762935571938,2096200
2024-05-01,131.5087890625,133.67195993852184,128.84187205210844,131.31124244540447,3085100
2024-05-02,134.42263793945312,135.0054057126035,131.13343489353497,133.48428024047809,4854300
2024-05-03,113.91698455810547,121.23619369911411,113.72931001687564,120.81146173564423,13956100
2024-05-06,114.59852600097656,115.3887274591767,113.22555680769148,114.37134816848975,4516700
2024-05-07,111.52664947509766,115.27020840722223,110.87473206575429,114.21331816691868,4496300
2024-05-08,110.17341613769531,111.61552735675545,109.36346305477333,110.56851685676152,3646100
2024-05-09,111.15128326416016,111.68466809821143,108.52387745485497,109.48198670218038,4481400
2024-05-10,111.4574966430664,112.0303923736208,110.953750516884,111.61553996291049,3253900
2024-05-13,111.28958129882812,112.62303978272472,110.97350219497174,112.06990323495612,2856400
2024-05-14,112.08966827392578,112.34647737828067,111.32909794508838,111.51677251328059,2239300
2024-05-15,111.07227325439453,113.21569240546629,110.53889590036499,112.65267627761723,2239500
2024-05-16,112.06001281738281,112.93910797555164,110.6771715815574,111.01300229999514,2219900
2024-05-17,112.61316680908203,113.19593459059855,111.39823328908628,112.6032872176895,3054700
2024-05-20,112.91937255859375,113.1564300136725,111.24020365324496,112.49464053628732,3011600
2024-05-21,110.34134674072266,112.80083756447688,110.04502681241807,112.32672266482136,2556200
2024-05-22,110.69692993164062,111.15129315606418,109.69930223458019,109.83758636653866,1598500
2024-05-23,109.13628387451172,111.62541327048993,108.82020478853732,110.82533219667987,1931800
2024-05-24,108.95848846435547,110.00550655522461,108.90910558182982,109.64003705211974,1231800
2024-05-28,108.76093292236328,109.61039680554525,107.96085945356693,108.99799033239198,2285600
2024-05-29,108.92886352539062,109.22519098135594,105.93598787100595,107.27932594245362,1801200
2024-05-30,108.13866424560547,109.35359017660154,107.6941730834031,108.92885819632099,1348300
2024-05-31,111.47725677490234,111.5661504911311,107.92136494326571,107.92136494326571,2272500
2024-06-03,112.66255187988281,113.12679471737606,110.97350344315998,111.55627877190268,2532900
2024-06-04,113.0872802734375,113.24532359005342,111.77358099968824,111.79333264630517,1810100
2024-06-05,113.94662475585938,115.46775777871693,113.09716076210879,113.531772350331,2135100
2024-06-06,118.83597564697266,118.93475648915614,113.38360926048564,113.39348885188804,3050800
2024-06-07,121.55228424072266,121.67081673098426,118.20381863401545,118.27296070268798,2575200
2024-06-10,121.86836242675781,122.6289327123421,120.5052727106668,120.8016001661267,1650100
2024-06-11,121.28559112548828,121.79921682601227,120.6040425192499,121.36461278277505,1513700
2024-06-12,123.03390502929688,123.67594282290123,121.77946821624977,123.34998413040545,1869600
2024-06-13,121.90786743164062,123.13268048882625,120.98926140671134,122.7079485087854,1515100
2024-06-14,123.08329772949219,123.23146145936299,120.50527445186955,120.59416816823982,1592600
2024-06-17,122.54991149902344,123.23146012751089,121.21645301643863,122.8857497854956,1641600
2024-06-18,123.01415252685547,125.30572787793436,121.97701398009885,122.53015805513178,1964800
2024-06-20,123.94263458251953,126.2539615132865,123.08329102481594,123.08329102481594,1896500
2024-06-21,126.15518951416016,126.52065149099998,123.16231395374317,123.67593965391373,3839300
2024-06-24,126.58980560302734,128.32823690855506,124.88099800011716,125.41438290155872,1892100
2024-06-25,128.17018127441406,129.2369509748065,126.6984463289653,127.37999489353594,1895200
2024-06-26,125.79960632324219,127.73559934941812,122.4807719011126,127.16270360771138,1759100
2024-06-27,123.13268280029297,125.79959967838637,122.7869649336453,125.48352058516107,2418800
2024-06-28,124.44638061523438,124.98964508288364,123.10304260061066,123.27096550437857,2692900
2024-07-01,120.99915313720703,125.27610460365743,120.50527904276946,124.68345719751646,1928000
2024-07-02,121.35472869873047,122.52027172483852,120.31759020901951,121.2460758079638,1428600
2024-07-03,122.72771453857422,122.84624703617071,121.35474513574472,122.11530793820681,845700
2024-07-05,122.0955581665039,123.40926510868717,121.14732077891986,122.39188564708931,1492200
2024-07-08,123.96239471435547,124.6439433597377,122.62893619871582,122.96476695759257,1496300
2024-07-09,126.98489379882812,128.29860058535596,124.0414086699486,124.56491395915683,2141800
2024-07-10,127.9430160522461,128.4467621804758,126.25396762812939,127.48866034564847,1686000
2024-07-11,127.1429443359375,128.97028446031436,125.53291001246514,127.42938467067118,1449300
2024-07-12,130.07655334472656,130.3136032493902,127.29109639020588,127.61705508095875,1454100
2024-07-15,130.89637756347656,132.27921882330637,128.97027185448528,130.2444602244828,1512000
2024-07-16,137.98841857910156,139.86514917573237,131.37050874682524,131.38038080282305,3805400
2024-07-17,133.87937927246094,137.19821370031374,132.5459282966006,137.05992956047993,1763000
2024-07-18,131.88412475585938,136.0425356344991,131.79521597615508,133.8793649787472,1362700
2024-07-19,134.21524047851562,134.9066612568971,132.22985679906856,132.84227097864292,1412200
2024-07-22,132.8126220703125,134.63994709355947,130.99515403080207,133.1780840605938,1642000
2024-07-23,131.04454040527344,134.54117716718315,130.89638421698916,133.19783912999208,1524600
2024-07-24,126.91576385498047,130.23459820617563,125.64156031494777,130.02716446529573,2084500
2024-07-25,123.3697509765625,125.14769320476896,120.4558892817942,125.06867907652384,2212300
2024-07-26,124.32785034179688,125.63167747239396,123.65618136325173,125.1378034451084,1440100
2024-07-29,126.70832824707031,127.26146478547903,124.40687330760238,124.88099572332425,1321600
2024-07-30,126.95525360107422,128.12080411852108,126.10578968898207,127.05403443320729,1379500
2024-07-31,126.1058120727539,127.70595934883116,124.39701189077995,127.5084127213394,1641300
2024-08-01,119.99165344238281,125.55267303940062,118.58904528522027,125.2464735119815,2711200
2024-08-02,114.07503509521484,115.73445233755442,111.80321880481699,115.07266286617246,3051100
2024-08-05,110.74632263183594,112.93911714201235,108.84984050207233,110.38085311217979,3321200
2024-08-06,116.09003448486328,116.36660275068394,111.16117351233649,111.61553673988756,2952200
2024-08-07,111.85259246826172,114.74669469582423,109.71906049600783,113.59103123019004,3040200
2024-08-08,116.52465057373047,117.10741836555127,111.29946195087606,111.98101058652848,4123900
2024-08-09,128.41712951660156,129.70120510558087,123.96239085669754,128.40725746112096,6092500
2024-08-12,125.33535766601562,128.10105540142465,124.78222113330185,126.93550478877192,2417600
2024-08-13,128.9801483154297,129.09867326408144,125.8786198937101,126.85648086376673,1868300
2024-08-14,127.44915008544922,130.85687838902734,126.04654943856761,129.41477444543202,2830000
2024-08-15,130.60006713867188,131.2420974346699,128.12082460286751,128.65420199488295,1570000
2024-08-16,129.43450927734375,130.1852075076532,128.55541403803966,129.3258563793695,1675600
2024-08-19,133.8003692626953,133.97815669286268,129.96790166834498,130.3333636560271,1552400
2024-08-20,131.88412475585938,134.59054478534614,131.7162093948345,133.3459876597176,1333400
2024-08-21,131.5581817626953,133.1879602217544,130.31360941694595,132.35825537248218,1279800
2024-08-22,131.48902893066406,133.49415646980802,131.09393569932325,131.9927901332404,1065500
2024-08-23,136.43765258789062,137.19820778828304,132.26935431729228,132.7533412499347,1303600
2024-08-26,135.44004821777344,137.9686815689998,135.3116511818014,136.43768369201453,1270500
2024-08-27,139.07496643066406,140.0528276212052,134.6893614796212,135.01532023374932,1710900
2024-08-28,138.00816345214844,138.78847780661584,137.08954989700516,138.08718510746053,1237100
2024-08-29,139.18359375,140.67508801259436,138.22547685034334,139.27248746518288,1263200
2024-08-30,137.38587951660156,140.48740794557978,136.69445886144845,140.48740794557978,2008300
2024-09-03,135.06468200683594,137.92914549751504,134.21521802923922,136.86237572993963,1532100
2024-09-04,133.26698303222656,136.03268095879739,133.08919559378302,134.53129950062902,1065100
2024-09-05,133.53367614746094,135.98328736388072,131.93352895142294,132.35825342569345,1340700
2024-09-06,130.63954162597656,135.2029475150766,130.106164351582,133.50401979391174,1234000
2024-09-09,131.2322235107422,132.8323707358544,130.23460327698623,131.36063559685059,1299000
2024-09-10,129.49378967285156,132.07181297069957,127.5874278886359,132.07181297069957,1311200
2024-09-11,128.23934936523438,129.32586333154404,124.91063525073329,129.01966380402183,1485000
2024-09-12,130.60006713867188,131.22235332255767,128.3578745229449,128.87150780284813,1036600
2024-09-13,134.1065673828125,134.20533315237878,131.3507416690758,131.8742469704821,1067000
2024-09-16,134.12631225585938,135.73634653452675,133.16821043360403,134.88688253785958,792700
2024-09-17,136.7142333984375,138.06744362349556,134.13620996680203,134.53130322216683,1757900
2024-09-18,137.9488983154297,139.18358339614525,135.18320072025895,135.7560964063317,1315400
2024-09-19,140.7936248779297,143.33214504197397,139.8651542099551,140.96155533882563,1640400
2024-09-20,142.27523803710938,142.41352217634642,139.90464848680566,140.79361580020935,2647800
2024-09-23,142.27523803710938,142.71973676565202,140.6750908442464,142.26536598139273,979800
2024-09-24,146.10769653320312,146.1768461343975,142.71972779883515,143.22347390186903,1487000
2024-09-25,143.7074737548828,144.793987601063,142.4332702899469,143.84575788337264,1744500
2024-09-26,146.6608428955078,147.61895981853792,144.764368232806,145.76200352255287,1290100
2024-09-27,147.26333618164062,149.05115753455723,145.89036715328166,147.66831645269835,948800
2024-09-30,146.2064666748047,146.93739056629897,144.51741092282327,146.9077593313378,1041800
2024-10-01,144.6754608154297,146.25586375394556,142.29498435283193,146.20647333614704,930300
2024-10-02,145.94964599609375,146.05829888413527,142.9962889815967,143.33211970032897,848900
2024-10-03,145.0409393310547,145.26813226448903,142.0974539707703,144.48780276099762,1383700
2024-10-04,148.87338256835938,149.75247770203524,147.51028547971015,147.77698166484558,1245200
2024-10-07,149.14996337890625,150.80937295552616,147.61895080667531,148.38939312036885,1098400
2024-10-08,150.08831787109375,151.9452890860842,149.17959144533066,149.5055501206326,1622400
2024-10-09,150.91802978515625,151.41190384895876,146.70035613200798,149.6734725702365,1668400
2024-10-10,149.01165771484375,151.0167848660986,147.73746947919503,150.33523636281572,1178100
2024-10-11,148.65609741210938,150.1574788286793,148.0239391954232,149.2783835731026,1223000
2024-10-14,148.5672149658203,149.37716067746746,147.4016642164798,149.0907203222347,1316100
2024-10-15,149.34750366210938,150.70072875320068,148.448649310241,148.49803972761035,960500
2024-10-16,148.99192810058594,150.2858757722945,148.29063535068377,149.58458302239234,1260600
2024-10-17,156.07408142089844,159.89667705103597,153.57507978048213,158.54345182224583,5189600
2024-10-18,157.6544952392578,158.50395931802456,154.75051303808223,157.0717274021081,1808500
2024-10-21,161.1708526611328,162.63271560174113,157.57545024709214,158.03969305117712,1828600
2024-10-22,159.21511840820312,161.17085542311173,158.4940665164156,161.00294005498807,1145700
2024-10-23,156.41976928710938,159.63982224663928,154.81962239711152,158.23722193646964,997900
2024-10-24,158.4841766357422,158.61258870930436,156.1333464510172,157.02231369548232,759700
2024-10-25,156.4494171142578,159.0274401948239,156.12345844064146,158.54343821184696,973100
2024-10-28,156.064208984375,157.57546246056503,154.68136759173078,156.94330424223614,953200
2024-10-29,156.9136505126953,158.46440706132952,155.2838723141161,155.2838723141161,1381400
2024-10-30,159.17559814453125,159.77812508029774,156.14321935568913,156.7259871096063,1348900
2024-10-31,154.3948974609375,160.11396719130497,152.1132018447604,159.817639757759,2273100
2024-11-01,157.447021484375,158.16808835921364,154.10844357140357,154.46403344595038,1212200
2024-11-04,159.13607788085938,159.56080227836475,156.60744546005475,157.2593627449979,1080000
2024-11-05,162.85003662109375,164.56872386968172,159.1361089127917,159.72876384591612,1778800
2024-11-06,169.7445068359375,171.48293796183964,166.38615445419873,167.08746219475822,2347100
2024-11-07,171.99659729003906,172.28303763376596,168.85555020588197,169.14200562145015,2918300
2024-11-08,178.54534912109375,188.0672406283809,177.7452755357801,178.84167657872413,4871500
2024-11-11,182.0617218017578,185.32127820170882,177.81440231256758,180.39242524085665,2037300
2024-11-12,179.77015686035156,182.90131657506763,177.5773548401539,179.5923694342037,1729700
2024-11-13,178.12062072753906,181.05423385692177,176.91556681241968,180.29366358253063,1391100
2024-11-14,180.0269775390625,181.40983403169471,178.2885461712335,178.2885461712335,1198400
2024-11-15,179.1281280517578,179.750399120108,175.41418546502152,177.8144212401559,2209100
2024-11-18,178.1897430419922,178.78239790355735,176.26363734966424,177.96256520952252,1282800
2024-11-19,174.8906707763672,176.22413669894468,173.46831114477504,175.83891555470842,1116700
2024-11-20,176.9056854248047,177.30077862420083,174.64373390351932,175.5919786826453,1122000
2024-11-21,181.26165771484375,181.54811311878663,176.23402324486304,177.79466713163941,986700
2024-11-22,182.6543731689453,184.62986932920452,182.0123429455969,182.51608904060075,1215600
2024-11-25,181.8246612548828,186.13124331791337,181.6666179510302,184.70888372691775,1810500
2024-11-26,183.99771118164062,184.244648201701,180.96533241265578,181.8345404744174,991600
2024-11-27,182.6543731689453,185.43982998939381,182.34817367559947,185.42994286261515,855700
2024-11-29,182.35804748535156,184.06686253214406,182.15062882675855,183.3161643380443,695100
2024-12-02,182.74327087402344,185.10398823426928,180.8764275646394,182.45683055613316,1163300
2024-12-03,181.439453125,184.3829382789729,181.05423196415066,183.45445264209496,625500
2024-12-04,185.9929656982422,186.200384353942,180.3331734436966,180.38254879001784,930600
2024-12-05,188.6697540283203,189.92419830134784,185.05460753515482,186.35842715436874,1082400
2024-12-06,188.38331604003906,189.64763238351532,187.15850298836656,188.73890595363173,1131000
2024-12-09,187.19802856445312,189.98347043504802,186.22015249643732,187.4745968332543,911300
2024-12-10,186.1016082763672,189.58835758517193,185.41018767595128,188.57097832916594,1062100
2024-12-11,187.95858764648438,188.96609497324567,186.43746213668763,186.43746213668763,888200
2024-12-12,182.29879760742188,188.29443616025625,182.2099038904542,187.39558171934078,1235400
2024-12-13,180.75790405273438,182.71364108958318,180.00722091531767,181.96295795216648,871800
2024-12-16,180.35292053222656,181.69625854045245,175.82903246146347,179.15775378093016,1143900
2024-12-17,178.4268035888672,179.84916316398025,177.27114020204755,179.424423673599,1167600
2024-12-18,174.07083129882812,184.87679717044398,173.90291594216353,184.79777551933614,2143800
2024-12-19,177.21189880371094,178.43669686093355,174.62398840777414,176.8069184458948,1494900
2024-12-20,182.48646545410156,183.2470357278009,175.20676662135713,175.20676662135713,4134800
2024-12-23,186.52635192871094,187.14863806918527,181.133255617401,183.95821585203393,1461500
2024-12-24,187.35606384277344,187.9092154729809,185.94359120779015,186.94121142399845,366200
2024-12-26,187.7906494140625,187.9585647694451,186.19050243890223,187.39555623337856,879500
2024-12-27,183.8297882080078,187.77090831091292,182.43705985527004,185.5089568605506,1395000
2024-12-30,184.20513916015625,184.56072906081707,180.3825439600926,180.75789304185656,1568000
2024-12-31,184.04708862304688,187.23751047715845,183.78039244007107,184.85703415437987,1067600
2025-01-02,183.0593719482422,185.59787693265585,180.7579168809728,185.0842587309492,919100
2025-01-03,183.81004333496094,184.79779145120688,182.05185289379043,183.33592845927814,902800
2025-01-06,182.7235107421875,185.69662684182504,180.51094976246554,185.69662684182504,1346400
2025-01-07,180.0961151123047,184.6496345125785,178.84167078965186,182.38768289533147,1164900
2025-01-08,180.382568359375,181.0443578333747,177.79467294286252,178.7429178301679,940900
2025-01-10,177.99221801757812,180.02697684540547,177.13288192881478,180.02697684540547,1488600
2025-01-13,179.0787353515625,179.10836658911435,175.23639580666068,177.00445829189374,1099400
2025-01-14,180.94558715820312,182.58525271484956,179.27629036261592,179.77016444074985,1017500
2025-01-15,184.2347869873047,184.84718601009988,183.23715172158165,184.2347869873047,1278900
2025-01-16,186.35842895507812,186.63499721248797,182.65437364493943,183.7409025646493,958000
2025-01-17,184.9854736328125,188.76855088265341,183.38532644149961,187.67214982553585,1909800
2025-01-21,179.17750549316406,187.17827140793878,176.60936938766335,186.73378776197137,2033400
2025-01-22,171.5224609375,180.11588193598183,170.72238734414194,179.57261743683722,3050100
2025-01-23,174.7227783203125,178.55524615546727,166.09974076305562,171.3348092321861,3728400
2025-01-24,169.13211059570312,175.01909616968453,167.1467422507324,174.73264076749277,2203300
2025-01-27,167.03810119628906,172.28304180502406,166.33679333221866,168.61850436859774,1808500
2025-01-28,169.66549682617188,170.75201070247556,165.70461726489887,168.19374671856627,1498900
2025-01-29,169.171630859375,169.63587369833562,166.31703929206435,169.63587369833562,1355700
2025-01-30,169.8433074951172,171.52247649509087,168.12463519700478,170.7026587160155,1805500
2025-01-31,168.8555450439453,171.25578091161375,168.02584020626472,169.56672492534034,1701200
2025-02-03,167.5418243408203,169.467945152386,163.19573882185682,163.19573882185682,1767300
2025-02-04,166.40591430664062,168.19373585616387,165.31938542866786,167.2850094636044,1661800
2025-02-05,167.65048217773438,170.2285053429033,165.94168217073428,168.50983328068403,1686900
2025-02-06,170.4556884765625,173.2608893254943,167.5121884314594,167.5615788484007,3907800
2025-02-07,199.8905792236328,202.60688651289607,191.68239488102617,192.33431224769095,9383500
2025-02-10,200.5128631591797,205.18490742548286,197.59900929512608,201.99448530074997,3187900
2025-02-11,194.77406311035156,200.03876263957142,193.00598545438478,198.35959377307313,3609700
2025-02-12,200.12765502929688,201.29319062203396,193.58876704194626,195.1296517579638,2153200
2025-02-13,200.71041870117188,201.54012352015582,198.35958838071738,201.5006202262311,1706000
2025-02-14,199.9004669189453,202.5377525586702,198.70528507666216,202.48836213890246,1312600
2025-02-18,201.7080535888672,201.79694730391162,197.6879114387771,198.1323950858397,1564100
2025-02-19,203.98974609375,204.7305571842266,197.89534199805007,201.2141762862588,1942100
2025-02-20,202.62664794921875,204.24655425687178,198.5867617713056,203.47611193200265,1464700
2025-02-21,194.39871215820312,204.87872069555414,190.50698201232208,204.23669042293224,2559600
2025-02-24,197.52000427246094,198.32007788479012,192.92698127554243,196.324822346003,2625700
2025-02-25,197.3125457763672,199.03123281562478,193.95420842260597,197.53973868043678,2494800
2025-02-26,197.0952606201172,201.648780226852,195.72229128473333,199.5251277179958,1520500
2025-02-27,191.17864990234375,198.53737031507686,190.94158492983647,197.28292599396588,1443100
2025-02-28,195.5346221923828,195.55436630282819,190.4378383352261,191.37619602394327,1686300
2025-03-03,191.1292724609375,197.5397635626219,189.9538497175126,196.04825416772363,2080500
2025-03-04,186.38809204101562,190.1909288379731,181.30119457460026,188.5018726963217,3048000
2025-03-05,188.65003967285156,189.87483783076965,185.46948916988813,187.3758360172758,1429200
2025-03-06,182.19639587402344,187.6898914615074,181.46392274740487,184.76992193674724,1629500
2025-03-07,182.4537353515625,184.16612172109689,177.34625456586554,183.6514104914175,2258900
2025-03-10,174.80242919921875,178.9794758532839,172.03092683060842,178.9794758532839,1901400
2025-03-11,162.0832061767578,170.1106559539868,157.82697239844484,170.1106559539868,6657700
2025-03-12,160.86573791503906,164.49837973188568,157.97546196248334,164.49837973188568,2589800
2025-03-13,155.5107879638672,161.4695149979155,154.9762912348526,160.3708130127742,2167000
2025-03-14,160.4599151611328,161.4398435853143,157.6290259280814,158.86630242673198,1879400
2025-03-17,164.66665649414062,166.09200144785427,161.16269606915534,162.61771934730896,1974100
2025-03-18,163.47886657714844,167.51733872648353,162.4692447639466,164.81511608242778,1869800
2025-03-19,170.72434997558594,173.2088107610884,163.6966287799446,163.6966287799446,2219900
2025-03-20,171.32815551757812,174.48568770283396,169.07136428929294,169.07136428929294,2404700
2025-03-21,172.04080200195312,172.62479282281888,168.3289728979349,170.39769536040794,4416400
2025-03-24,176.4752197265625,176.7424756865377,172.81288421129477,175.75265446060192,1948600
2025-03-25,175.05978393554688,177.87087261344536,172.53573676979346,176.61379541811021,1820600
2025-03-26,171.6646728515625,176.68307327492005,170.62537273860525,175.17854091497938,1578900
2025-03-27,167.3490753173828,170.8728363261603,163.37988269172607,170.5857797240171,2219300
2025-03-28,166.388916015625,168.75458759969814,164.01333655533864,166.18104696025537,1807200
2025-03-31,166.388916015625,166.72545153053787,159.12361840247928,163.7460806565691,2405300
2025-04-01,165.9929962158203,166.32953176654124,161.01419726810718,164.72602641024747,2324600
2025-04-02,166.14149475097656,167.47774431122193,163.51845950432082,163.87479574108085,1915900
2025-04-03,150.8190460205078,158.4307731930149,150.6408854605424,157.33207109614438,3400900
2025-04-04,140.41603088378906,145.25625577004556,137.75340953693419,143.49437530697287,4650800
2025-04-07,138.3968048095703,147.61203759028763,128.68664633476422,133.65555289352284,4698500
2025-04-08,135.2392578125,147.9782501677428,132.88347882956168,144.06845995658026,3555300
2025-04-09,160.03427124023438,161.7268719989344,134.74435373730557,134.74435373730557,5720900
2025-04-10,147.998046875,154.59024355595676,144.54356599075598,153.8379849990182,2806100
2025-04-11,148.99777221679688,149.8391262114926,142.8608842839573,148.17621887350396,3124000
2025-04-14,147.7110137939453,153.00656326777172,145.57301147556336,153.00656326777172,1854000
2025-04-15,150.0469970703125,152.10582704715904,148.46329215975828,148.76022644684923,1427300
2025-04-16,151.01702880859375,153.93699834868326,148.4632882819997,148.49298170993322,2198100
2025-04-17,149.6114501953125,152.99665157984714,146.93893630010137,152.99665157984714,2152300
2025-04-21,145.1770782470703,148.89880064116696,142.7322185963916,147.55265826533332,1411500
2025-04-22,151.37335205078125,152.43246800672893,145.6422938277448,147.89908500294317,1484500
2025-04-23,154.6793670654297,162.08322559973035,153.49158461608053,156.88666416828863,1493800
2025-04-24,157.92596435546875,158.52975584907307,151.66039478843527,153.12532583226456,1366100
2025-04-25,158.48025512695312,158.88608539818154,156.57980044893307,157.54982088695482,1020700
2025-04-28,159.5987548828125,160.8855101919933,157.13409497942894,158.8167877789869,1470900
2025-04-29,158.51983642578125,160.48958576880446,156.04528378033683,159.40077656342064,2204900
2025-04-30,155.3326416015625,155.8770463100682,143.21723916086503,149.6015832063172,2838400
2025-05-01,156.35215759277344,160.45990937887925,156.114595076343,158.12393082946625,2251900
2025-05-02,160.14315795898438,160.70736326677928,156.19378121830871,158.57925382575453,2694300
2025-05-05,163.93417358398438,165.20114344426042,157.39145519614183,158.5792526556887,1796400
2025-05-06,163.05323791503906,165.23084147916106,162.13271147203344,162.46924704667165,1729600
2025-05-07,164.86459350585938,168.49723498736256,163.02352572823537,163.3204750672336,2206900
2025-05-08,167.26988220214844,171.13017866021576,165.79504324587543,166.78486439958215,3648300
2025-05-09,155.0653839111328,156.99553211958613,147.03793383602567,151.0368046088348,6379500
2025-05-12,165.54759216308594,167.39855293442895,161.63780152731294,162.55832797397898,3188400
2025-05-13,167.64598083496094,171.89232145630993,165.71583287228873,166.8640288769702,2875600
2025-05-14,167.49754333496094,170.13047133077288,166.98283208609803,168.1904151487344,2124500
2025-05-15,164.5181884765625,168.44776474964374,163.93418248928756,167.4282501208121,1797100
2025-05-16,164.96360778808594,165.38922366208496,162.6276291098724,163.29080751340052,1759800
2025-05-19,163.80551147460938,164.5973563307998,162.02383034123588,162.3999672203571,1825500
2025-05-20,160.86573791503906,163.63724016241937,159.21273840296809,162.4890440008162,4099100
2025-05-21,157.71810913085938,162.42966779116466,156.83716885165094,159.3117218947615,1973700
2025-05-22,159.08404541015625,159.77691714643885,154.46158277245598,157.371659168314,2635300
2025-05-23,157.36175537109375,158.420871205312,154.59025325063732,155.0950716814586,1269800
2025-05-27,163.31060791015625,163.75602443678454,159.37110859488848,159.60867112404438,2173600
2025-05-28,165.98312377929688,166.46812651374034,163.09284761223245,163.49866283619113,1575800
2025-05-29,164.3559112548828,170.44794404675068,162.36161912714044,168.17584053224576,1664000
2025-05-30,165.44732666015625,165.69537362666324,162.62951675413743,163.07599826593292,2138500
2025-06-02,165.86402893066406,166.37003924688617,161.94489023786372,163.87965337587056,1501400
2025-06-03,167.30271911621094,169.15812078704468,163.74076818311474,165.69537956035285,1841800
2025-06-04,168.4933319091797,169.43590724900568,166.51887282544743,167.14395595609096,1866400
2025-06-05,172.02552795410156,173.5435740976322,168.96958767168607,169.66411611323855,1902400
2025-06-06,175.1707763671875,175.39897534457492,169.96178990425253,173.6725629523227,1822600
2025-06-09,175.24021911621094,176.52014996392668,174.6250674731887,175.35929195713362,1098000
2025-06-10,172.70021057128906,176.07365826344113,171.32107009873195,176.07365826344113,1344800
2025-06-11,171.9660186767578,174.60522705499,171.28140658518367,174.1488290869981,1104900
2025-06-12,170.35865783691406,171.25163602246135,168.98944884241206,170.71584608321584,1033700
2025-06-13,164.33609008789062,168.3742870510235,163.2149128932572,166.91576959698068,1404100
2025-06-16,163.3240509033203,168.01709543349872,163.18514520283676,167.01499110426653,2100400
2025-06-17,160.72451782226562,163.47286730987753,160.02997420457592,161.2999886011479,1397900
2025-06-18,161.19085693359375,162.87757337793244,160.6352189784217,160.6352189784217,1232200
2025-06-20,163.59193420410156,164.05826369522308,162.0738880358413,162.7981809124319,2560600
2025-06-23,164.52459716796875,165.20919406977202,158.75005659241864,162.30209092542424,1532300
2025-06-24,167.89804077148438,168.9993699665487,165.93351293203506,166.49905217296745,1750800
2025-06-25,164.45513916015625,167.46146718974524,163.1851398999807,166.4891273179576,2178000
2025-06-26,165.49693298339844,166.34028355469647,164.25669819656179,165.5068494114426,1903300
2025-06-27,169.42601013183594,169.78319840203378,164.92148346728388,165.81444657298513,1867900
2025-06-30,167.3622589111328,170.25946109595736,166.67766193154614,169.47562412430563,1461600
2025-07-01,172.6803741455078,173.5336563386226,166.04264986207994,166.68756593635655,2617900
2025-07-02,169.67405700683594,172.7597621574258,167.90796365526612,172.7597621574258,1644800
2025-07-03,175.101318359375,177.22459988412191,169.93202781930898,169.93202781930898,1429400
2025-07-07,176.4110107421875,178.09772713561037,174.33734167533476,175.02193860556775,1388100
2025-07-08,176.1629638671875,179.80429162678257,176.08358701880024,177.2940574624307,1284700
2025-07-09,174.71437072753906,179.03039432253274,174.28773718032485,177.60164126654624,1272300
2025-07-10,181.54061889648438,184.70570067836425,177.6512441961748,177.85959517427787,2147800
2025-07-11,182.20538330078125,184.40804162517034,179.39748975861704,181.39179710451796,1265700
2025-07-14,182.12600708007812,183.30671309419586,180.78656250928472,182.20538392820885,1089700
2025-07-15,177.59170532226562,182.29466595190644,177.16505668234834,182.06646698985847,1615600
2025-07-16,176.9071044921875,178.99068998541284,175.6172572023323,178.4945960385136,1148700
2025-07-17,180.65757751464844,181.600153006684,176.23241274903114,176.88726040692006,1324000
2025-07-18,183.48529052734375,183.61427979159276,180.57818741453906,182.07638560712337,1155100
2025-07-21,184.02108764648438,185.16209765470694,182.5625702490884,183.73334468259776,1196200
2025-07-22,187.9600830078125,189.39875247170767,183.6936719007274,183.96156687966626,1398400
2025-07-23,190.68858337402344,190.80764107014505,187.6822554302726,188.66451170244596,1260600
2025-07-24,188.991943359375,192.2760828235958,188.34702729247195,190.86717784913537,1944400
2025-07-25,185.87648010253906,191.075550220116,185.42999856933096,190.58937269219524,1419300
2025-07-28,185.6978759765625,187.37467581426137,184.66599216586258,186.06498062520023,1302200
2025-07-29,181.3818817138672,187.00758572859348,181.16359914768702,185.88642360912667,1262400
2025-07-30,178.3854522705078,180.61787500034168,175.85538528836454,178.4747606857862,1993400
2025-07-31,178.81210327148438,181.90772465269745,178.05804592312333,178.93116097396617,1308200
2025-08-01,176.66896057128906,176.85747867917124,172.69029286864486,175.88513885595148,1674200
2025-08-04,183.54483032226562,184.1897463496082,178.20685500453814,178.32591269830363,1496600
2025-08-05,180.41943359375,184.95373929964506,179.02044510273518,184.3485041103143,1582100
2025-08-06,183.69366455078125,184.16991049682775,180.72701732232187,181.33225253817528,1797500
2025-08-07,186.1443634033203,186.6999861777605,180.16147187065496,183.05865857993956,4382900
2025-08-08,193.73460388183594,211.33602267609598,189.65671100771377,209.94696567208746,6980100
2025-08-11,191.12513732910156,196.61193455347927,190.81756153895424,191.91887544319118,2348900
2025-08-12,201.6026611328125,201.8507081069629,191.3235939184365,191.79983986972124,2430200
2025-08-13,208.0419464111328,208.63726519210476,200.93789273057416,202.40632654682997,2411800
2025-08-14,205.58131408691406,209.18296073238636,205.20429300874463,207.35733876988627,2379500
2025-08-15,205.8194580078125,208.8456340955817,205.3828929145493,207.02992844292018,1602900
2025-08-18,205.05548095703125,206.32548031658305,203.87477487910732,205.36305679791835,1470300
2025-08-19,206.41476440429688,207.91297782517015,203.04133159441585,204.3410953232842,1726900
2025-08-20,204.0731964111328,205.87898562433287,202.43609246079765,205.3630436863349,1350800
2025-08-21,203.74578857421875,204.57922276548294,202.57499899541705,203.7060925805858,1134300
2025-08-22,213.1318817138672,214.90790654417816,203.19015465440822,204.4502375343981,2218500
2025-08-25,211.68328857421875,214.31258037952225,210.0957819229807,213.16163881435392,1581300
2025-08-26,211.96109008789062,212.78460780012307,210.22476139259672,211.3360069129177,1651400
2025-08-27,210.5522003173828,213.1914086177387,209.56992884894518,211.96110531459732,1389800
2025-08-28,213.4349822998047,213.9916543936474,209.03128132855443,211.65560346251073,1419900
2025-08-29,213.52444458007812,214.92607514120635,212.23216140672963,213.72325387562935,1255300
2025-09-02,210.86033630371094,211.4567793156094,207.7688042006615,208.58394197237766,1120700
2025-09-03,211.27784729003906,213.52443622962227,208.7827581168678,211.13867927177805,1191300
2025-09-04,215.23422241210938,215.71136773420164,211.2281553676426,212.1923963354846,1103700
2025-09-05,213.67355346679688,217.79891850851183,210.27386436708292,214.63779450256052,1353200
2025-09-08,215.91018676757812,216.4867443432138,212.7689483216363,213.59402130910578,1358700
2025-09-09,216.4072265625,216.70544810269888,214.58809185228228,215.82073380662138,1168500
2025-09-10,214.21034240722656,217.22234788061846,211.03928343542103,215.90024411538607,1076100
2025-09-11,220.04547119140625,220.78108221859515,214.69741505576138,214.94593044989838,1049900
2025-09-12,220.8705596923828,221.89444197496104,218.24623755199772,220.04548670549585,970100
2025-09-15,226.88462829589844,227.64010966218137,219.93613215178001,221.0296059947205,2734000
2025-09-16,223.64398193359375,227.35184274557776,221.43716389499463,226.60629652086664,1506100
2025-09-17,223.84278869628906,226.8249735614238,221.64592100648537,223.64397940558206,1186800
2025-09-18,220.60215759277344,225.64205739433325,219.92620295748893,224.69768670066094,1682500
2025-09-19,221.10911560058594,223.7632734349054,218.63391191086026,222.12306268514752,3560000
2025-09-22,222.18270874023438,222.87856401351914,217.71938174364172,221.38747157335465,1842600
2025-09-23,219.90631103515625,224.09130192778406,218.09711162046762,221.43715924374345,1482200
2025-09-24,216.5364532470703,221.9441511051051,216.33764394867904,220.98984523737894,1327100
2025-09-25,213.91212463378906,216.16864878147624,211.277852212802,213.35545254777455,1585400
2025-09-26,221.54649353027344,222.61014667302928,214.6775397247802,214.78688710237026,1153900
2025-09-29,219.20053100585938,223.6340526798127,218.8526185260517,223.1668424865426,1605100
2025-09-30,212.4806671142578,220.37351864941027,209.02133699148698,219.24028903152794,2587500
2025-10-01,216.65573120117188,217.4112277544965,211.287804417477,212.75901139620765,1954100
2025-10-02,216.39727783203125,217.10305309244663,210.25396909473025,217.10305309244663,2065500
2025-10-03,217.92813110351562,221.95408381634618,214.76702233983553,217.38139416282903,1801200
2025-10-06,222.50082397460938,239.54897543737664,215.55232748578763,219.00172267179178,3741900
2025-10-07,214.87637329101562,222.13302648402268,210.13469489869274,221.92426686023455,1810500
2025-10-08,211.14862060546875,216.446970565681,211.10884964870098,216.446970565681,1170200
2025-10-09,215.5225067138672,215.7014457006475,211.9836496207296,213.4349863226116,1206700
2025-10-10,209.0809783935547,216.72531453343413,208.55412695839047,214.2202750514049,1304900
2025-10-13,214.3594512939453,215.58214286320631,209.95576551252972,211.2878044688418,1497500
2025-10-14,221.79502868652344,223.22647987776526,210.86035062564258,210.86035062564258,1453900
2025-10-15,217.13287353515625,223.95213689149162,213.91212357679353,223.4153502878234,2547300
2025-10-16,212.3017578125,218.27606297936623,209.44879050967572,216.97384462059952,1846500
2025-10-17,213.4846649169922,215.30379947507097,211.34743853263438,212.49060331158367,1617500
2025-10-20,216.95394897460938,218.45497656309976,214.12086728498988,214.12086728498988,989200
2025-10-21,224.79708862304688,225.97008919331063,216.64578657273347,216.64578657273347,1611900
2025-10-22,225.04562377929688,226.51683082286183,222.78909951208138,224.0614972527069,1310000
2025-10-23,214.36936950683594,227.59039129834545,212.28184933018224,223.9024314021694,2677500
2025-10-24,217.5504150390625,218.693579957935,213.81273323760192,215.84062765502804,1228000
2025-10-27,221.17872619628906,222.48094458428915,217.64980416042062,217.87843410220793,1382000
2025-10-28,223.9620819091797,225.03567025925693,217.9977122986459,219.7572055808427,1526100
2025-10-29,218.45497131347656,227.9085068179829,214.98570604412842,227.67986172935858,1932300
2025-10-30,219.1607666015625,223.1966543523461,216.7451889772163,217.94801021156056,1249100
2025-10-31,218.69354248046875,221.34768501675518,216.01951446595857,218.98181365792303,1314800
2025-11-03,214.3296356201172,218.31581742548727,208.76288424383935,217.56033602266584,1895300
2025-11-04,210.87030029296875,215.59209307728014,209.14062758090893,212.42103402259218,1528400
2025-11-05,212.5403289794922,214.27993694900343,207.20222252115167,209.23010170875514,1678300
2025-11-06,218.3953399658203,221.19860108022056,211.8842331695703,213.9021770917051,4325100
2025-11-07,256.7164306640625,262.6311098361696,244.3105450575704,245.53323668547313,7653600
2025-11-10,266.4482727050781,268.61531965499,259.0325515232044,260.7423386433991,3311600
2025-11-11,263.7444152832031,267.79025303494376,262.58134993248416,266.4084929317969,2398500
2025-11-12,272.0249328613281,275.58369014336023,265.49394129863475,266.60731569986103,2684200
2025-11-13,265.76239013671875,277.9495654260507,264.61922529813637,271.1800079669933,2659400
2025-11-14,263.0883483886719,266.3090982857565,258.81386527936485,265.1659335056736,2112400
2025-11-17,242.71009826660156,264.61922572196323,240.06589061368254,262.22353348375816,5045100
2025-11-18,238.5747833251953,246.3284668168994,238.35608856035978,240.58279199860505,3029300
2025-11-19,238.93325805664062,243.08541350221202,237.0015565605836,239.73978977141718,2068300
2025-11-20,233.7654571533203,242.62736925457372,233.3372891609233,241.47232908147808,1894000
2025-11-21,246.4310302734375,247.8847746286828,236.67296006807635,237.7383737866741,4870500
2025-11-24,248.07395935058594,251.22044173776698,246.43102557918053,246.83925969152162,2911600
2025-11-25,257.0354919433594,257.7225116334675,249.448085867358,250.59315920020524,3152600
2025-11-26,256.5177001953125,258.7580729783991,255.5020754729668,256.4280889304291,1246700
2025-11-28,254.595947265625,257.4038882455231,253.6400482615003,256.6272269518277,774100
2025-12-01,257.8420104980469,258.27016331054506,252.25599890338944,253.4110391131742,1402300
2025-12-02,262.5716857910156,263.2686723807555,254.7054793987457,258.88750529168067,2654000
2025-12-03,261.2971496582031,264.8618178972178,259.45505950896217,262.8006678861158,1255900
2025-12-04,257.2744445800781,262.5019808000655,256.52765369150853,259.5546546015371,1816700
2025-12-05,262.30279541015625,264.9215466984848,257.4038647394467,258.90738289905687,1754300
2025-12-08,263.27862548828125,264.70249939972035,259.14638890979154,262.5019642286784,1824500
2025-12-09,260.1520690917969,264.27436947894546,259.9131057257012,263.2786482708805,1272300
2025-12-10,272.8973083496094,274.2216041354049,261.25732544157,262.1235979975338,2539800
2025-12-11,279.9469909667969,281.74924378979404,272.02105924228476,272.3894712002348,2309300
2025-12-12,273.0367126464844,281.3211206541755,272.5985928700295,280.2855620564639,1490300
2025-12-15,282.2371520996094,286.24990683395345,274.8887256720075,275.83464246520276,2158100
2025-12-16,283.8004455566406,288.7491811373754,280.6738967890876,282.2471229152067,2476000
2025-12-17,281.60986328125,286.1005450100988,279.03094914602696,281.7592153765336,1759200
2025-12-18,284.3680114746094,288.6496308308697,283.4917719640445,286.2001348207908,2012000
2025-12-19,288.0123596191406,291.16880922102877,284.7862326267627,285.4035749142424,3050400
2025-12-22,288.05218505859375,290.3323646535627,284.9654433618995,290.3323646535627,1154400
2025-12-23,286.9967041015625,290.1132856250155,286.2299794055243,287.1759266070014,1184900
2025-12-24,285.34381103515625,287.55431315550356,284.9255947909836,286.1204722997649,324600
2025-12-26,286.32958984375,288.08206890408843,285.2542243029968,285.771988394915,534000
2025-12-29,285.5927429199219,286.7676865650521,284.109097767243,285.23426751047685,971900
2025-12-30,283.780517578125,286.8971295278323,283.5913281354465,285.4135147913506,767700
2025-12-31,282.0977478027344,285.23426325029396,281.2215083560644,283.33243226649824,946800
2026-01-02,281.7293395996094,282.9441205964767,277.13904937853795,281.80898391991326,1927600
2026-01-05,286.2399597167969,288.27123936768487,276.0636883657082,281.7293441304854,1127700
2026-01-06,297.9297180175781,298.7163462376969,285.71223039577563,285.71223039577563,1817900
2026-01-07,295.90838623046875,299.17435019015744,294.42477153022185,296.6253066307417,1364000
2026-01-08,300.0207214355469,301.05627988523264,293.737723741726,295.9482257934995,1651900
2026-01-09,295.0620422363281,302.5000806244918,293.2498527930597,302.0022200372974,1144200
2026-01-12,290.2825927734375,292.88144084000487,287.3950074449172,292.0251048287341,1239100
2026-01-13,298.68646240234375,299.0250039331003,289.7548428355415,290.2825738080439,1314700
2026-01-14,289.5158996582031,298.2383965209244,280.24573791496806,297.7803732870575,1824500
2026-01-15,293.02081298828125,295.9681390253995,290.45186584256953,290.45186584256953,1321100
2026-01-16,283.8900451660156,294.05638008195797,283.0038691354036,292.771891277994,1631200
2026-01-20,270.9855041503906,277.93564869760985,270.23871328994295,275.55586056989085,2341400
2026-01-21,270.3980407714844,273.3752373710183,263.876079207857,269.6612168233185,2396000
2026-01-22,278.46337890625,282.4861008382296,272.7479492608863,272.81762664688017,1867400
2026-01-23,269.9798583984375,278.41358771734156,268.3269575744176,275.27707204210463,1577700
2026-01-26,268.3368835449219,272.98691469532315,267.55028571343274,271.43359212906876,1873400
2026-01-27,265.5986633300781,270.4378841663409,264.51333086784007,267.46065711332136,2137800
2026-01-28,264.62286376953125,271.04524698448284,264.40380390004,265.5986510533575,1500600
2026-01-29,271.60284423828125,275.3567323812692,266.3454378380493,266.79352450555103,2166000
2026-01-30,263.706787109375,271.8119718988508,261.2373877050412,271.60284857761013,1855100
2026-02-02,275.4861755371094,278.02525223735597,267.8788515974108,268.31697132100584,2202000
2026-02-03,233.456787109375,279.30974902607545,229.79252538310857,274.35104676835357,6845300
2026-02-04,235.46812438964844,236.59329410850097,220.98037916654545,232.01297091438303,4455800
2026-02-05,230.310302734375,239.65015669655037,228.92625095743279,234.67155099625475,2490700
2026-02-06,235.83656311035156,238.34576949728523,230.8181199494859,231.55495907844212,3285500
2026-02-09,235.4382781982422,240.44675469315263,233.5663326460182,234.24341577919498,2957200
2026-02-10,240.5064697265625,247.6258847644288,233.10826918745138,234.89060328552378,3326400
2026-02-11,232.6004638671875,244.78808087000496,232.16234413559624,240.52639561570624,3380700
2026-02-12,226.26768493652344,247.0882031274155,218.7001979404995,238.36569111718737,6143500
2026-02-13,211.760009765625,217.98326679496756,203.05740166613288,211.09287843529933,6149000
2026-02-17,199.5624237060547,211.2621467874287,197.4813702256797,211.1028277628597,5687600
2026-02-18,202.91799926757812,206.33333059141643,197.14282895745828,198.15845355507335,4171600
2026-02-19,198.90525817871094,200.84692664165192,192.09452892890104,200.84692664165192,5044900
2026-02-20,202.6093292236328,205.64628167803593,195.66915180243075,199.0048236315044,3601300
2026-02-23,187.70338439941406,199.51263758710846,184.5469502463729,199.09443653650192,4790800
2026-02-24,197.2722625732422,198.6364108332795,189.0276929510321,189.3662344839179,3597700
2026-02-25,202.86822509765625,203.78428669869166,196.9835096714902,201.29498391538945,2988000
2026-02-26,216.99749755859375,217.4256655431213,204.0232525105271,204.06308986390107,4058300
2026-02-27,214.76710510253906,216.68883969920515,206.76149825638205,209.01183786124437,3820900
2026-03-02,212.32757568359375,214.91644146224345,202.310608520604,207.41866269408553,3179300
2026-03-03,214.21945190429688,216.8083330236753,204.57091133611638,205.07873885665177,2090400
2026-03-04,220.78125,223.9177807906617,216.08144487850947,217.38585236920008,2443000
2026-03-05,251.00706481933594,251.69560537812708,234.50211420434124,234.50211420434124,8058400
2026-03-06,249.0911407470703,251.3862709253044,237.67537552785635,242.59493856100886,3619300
2026-03-09,241.02825927734375,245.25928176533841,229.34307696790094,242.84441067844443,3042400
2026-03-10,231.16920471191406,240.4894131696139,225.77066277852757,240.31977516177338,2382800
2026-03-11,229.86196899414062,236.81720303812153,223.65514594289974,232.46643985793438,1601000
2026-03-12,227.1676788330078,230.49062549126398,225.86045672608358,227.53690527934344,1283700
2026-03-13,227.8861541748047,233.7736631503225,225.92032673904487,229.25326194918927,1197000
2026-03-16,230.96961975097656,233.30465841296626,228.6744896426149,228.8740628636766,1539800
2026-03-17,240.73887634277344,247.3348726932857,235.16072323544077,235.68959913426343,2047300
2026-03-18,239.53143310546875,241.7866547065926,234.4522206766332,236.38811293632105,1357100
2026-03-19,238.90277099609375,243.5429130536199,232.29678628930685,232.29678628930685,1741900
2026-03-20,234.68173217773438,238.42378729753256,229.86197858272024,238.02464084200525,4867000
2026-03-23,236.14862060546875,241.56712437346982,233.64394384314488,238.44375080648012,1992300
2026-03-24,236.48789978027344,237.39596021040762,227.21757377999515,234.73161891011904,1704300
2026-03-25,235.7594451904297,245.0197830150443,230.11144825156387,236.83715888895742,1508300
2026-03-26,232.34669494628906,237.65543115275466,230.24116464281664,232.48639772927703,1189900
2026-03-27,225.3315887451172,233.76368323971428,220.83114926748337,232.82568754621443,1165000
2026-03-30,226.0301055908203,235.92908703960484,225.18191555486595,234.6817353163236,1568900
2026-03-31,230.40081787109375,233.56409983525668,223.4256219474688,228.46492566981394,1939100
2026-04-01,227.18765258789062,234.14288704390896,220.20248290850617,232.16708616943515,1623100
2026-04-02,224.8226776123047,230.04159295824067,218.18675730966956,220.30227618599832,1642800
2026-04-06,228.5547332763672,228.79423027725318,223.04643929413612,225.0621486190321,1384300
2026-04-07,223.8247833251953,229.41290958640974,222.8468638941134,226.13986007194484,1979700
2026-04-08,236.39808654785156,249.21089469859228,235.89914587111363,239.49152483421125,1990200
2026-04-09,229.77215576171875,235.23056800216062,225.15197543319593,234.47218365243123,1549300
2026-04-10,227.60675048828125,233.17493017558144,224.43349514551343,231.08936183572754,1385500
2026-04-13,239.70108032226562,239.8607297625181,224.25386641313258,226.4891260677348,2101800
2026-04-14,248.0433807373047,251.58584743802612,242.85438540519723,244.1017371241728,2111700
2026-04-15,256.89459228515625,258.95022555078987,248.17310329182303,248.76184966858955,1426600
2026-04-16,253.8909454345703,260.7563740183679,252.1247064021202,259.05996353643434,1064400
2026-04-17,265.2767639160156,269.0786892726013,260.09775747853985,261.65444988661017,1882500
2026-04-20,272.6611022949219,272.96048498481366,262.7222121395673,264.4285807961339,1486100
2026-04-21,273.21990966796875,279.1673046189851,270.54559487821996,273.2298982267043,1535100
2026-04-22,264.0393981933594,275.18571526590677,261.58461872103567,274.247704407237,1509600
2026-04-23,249.8395538330078,256.9544528763827,245.74824935027036,255.95657150598893,1697300
2026-04-24,250.90728759765625,252.89306172748752,246.86586510874426,247.97351400975776,876100
2026-04-27,244.70046997070312,252.00495365749808,244.3412320696174,247.31491427910078,1195800
2026-04-28,241.65692138671875,246.67626329023497,237.49575804148648,244.18155994946306,1698900
2026-04-29,250.0391387939453,251.4860637155031,233.00529673067194,233.90338386089093,2029600
2026-04-30,247.84378051757812,254.18033303980388,247.15523996515032,250.57798083732408,1229800
2026-05-01,251.3064422607422,252.35422075159852,246.54655905680352,249.98924676122164,711400
2026-05-04,245.97775268554688,254.5695117149808,245.86798512802835,251.7654675587343,986400
2026-05-05,248.12319946289062,250.8174913745822,244.23146816494295,247.68414444518132,1029000
2026-05-06,246.13742065429688,256.8047748611032,243.09387945182536,256.8047748611032,1796800
2026-05-07,252.25442504882812,254.5096466919854,243.5229630534995,246.69623373070456,3292400
2026-05-08,229.4927520751953,237.8150942319826,226.21970241588537,232.01739071070335,4189800
2026-05-11,220.99081420898438,230.34095774418645,218.97508958447673,224.45344854371513,2937500
2026-05-12,221.01075744628906,224.25387183836293,219.65363819931665,222.11840635540966,1864500
2026-05-13,217.08909606933594,220.7912274419393,214.05552816401564,218.81542658382423,1973800
2026-05-14,216.7098846435547,220.46191292880118,213.89586723623495,216.4304790918055,1318600
2026-05-15,217.26870727539062,220.6914483056205,214.61435439293274,216.04131744890535,1379800
2026-05-18,214.53451538085938,220.85110610827553,213.06762858875294,215.08333793825818,1592100
2026-05-19,214.54449462890625,223.30589184261166,212.89799645838522,216.03134335227918,1838200
2026-05-20,217.12899780273438,217.6379270326784,205.91282125060775,214.39481266742482,1706700
2026-05-21,217.6578826904297,218.77552019493908,209.5650640539776,213.5466162592153,1282800
2026-05-22,214.19522094726562,220.84111424555786,210.40328408234134,217.71774081670344,1549900
2026-05-26,222.4976043701172,223.1162859305969,213.23726672089512,213.4967103886696,1610800
2026-05-27,226.0800018310547,231.5883112831796,223.71502784532373,224.50334743174693,1394200
2026-05-28,227.5500030517578,229.1699981689453,223.22999572753906,226.38999938964844,975300
2026-05-29,225.7899932861328,229.91000366210938,224.33999633789062,229.2100067138672,2209500
