datetime,Article Count,All Articles
2026-01-01,42,138144
2026-01-02,65,164611
2026-01-03,36,125367
2026-01-04,70,126399
2026-01-05,91,180929
2026-01-06,87,137632
2026-01-07,82,178364
2026-01-08,67,187056
2026-01-09,68,178962
2026-01-10,46,162128
2026-01-11,43,123113
2026-01-12,36,155352
2026-01-13,136,214908
2026-01-14,131,192646
2026-01-15,254,191755
2026-01-16,92,154566
2026-01-17,71,110343
2026-01-18,37,102886
2026-01-19,43,122748
2026-01-20,114,175050
2026-01-21,105,164792
2026-01-22,86,171587
2026-01-23,47,112203
2026-01-24,99,131649
2026-01-25,72,106612
2026-01-26,64,165437
2026-01-27,47,127190
2026-01-28,87,155000
2026-01-29,63,154974
2026-01-30,51,135991
2026-01-31,51,133068
2026-02-01,52,112692
2026-02-01,52,112692
2026-02-02,48,132188
2026-02-03,39,121028
2026-02-04,92,150526
2026-02-05,38,128503
2026-02-06,57,126875
2026-02-07,47,137960
2026-02-08,85,117891
2026-02-09,54,155352
2026-02-10,106,137013
2026-02-11,226,144564
2026-02-12,216,134229
2026-02-13,67,122746
2026-02-14,60,130793
2026-02-15,29,119948
2026-02-16,48,133195
2026-02-17,70,122464
2026-02-18,57,123086
2026-02-19,51,133793
2026-02-20,79,131330
2026-02-21,51,119917
2026-02-22,112,87513
2026-02-23,104,116992
2026-02-24,63,130728
2026-02-25,60,128111
2026-02-26,134,178580
2026-02-27,105,131748
2026-02-28,6,1949
2026-03-01,323,124206
2026-03-01,323,124206
2026-03-02,358,145797
2026-03-03,223,160429
2026-03-04,306,205498
2026-03-05,213,149155
2026-03-06,379,169339
2026-03-07,84,122996
2026-03-08,98,116506
2026-03-09,147,159405
2026-03-10,184,158369
2026-03-11,279,178260
2026-03-12,287,197426
2026-03-13,132,152997
2026-03-14,89,121101
2026-03-15,84,104825
2026-03-16,174,184090
2026-03-17,137,193123
2026-03-18,85,154792
2026-03-19,100,139418
2026-03-20,138,154240
2026-03-21,43,101846
2026-03-22,50,102595
2026-03-23,100,142713
2026-03-24,120,177582
2026-03-25,120,175150
2026-03-26,79,169843
2026-03-27,99,133392
2026-03-28,31,111533
2026-03-29,54,108447
2026-03-30,83,179195
2026-03-31,80,149181
2026-04-01,87,183327
2026-04-01,87,183327
2026-04-02,151,151046
2026-04-03,72,134715
2026-04-04,124,113161
2026-04-05,70,95970
2026-04-06,93,123095
2026-04-07,77,153024
2026-04-08,111,145631
2026-04-09,305,159118
2026-04-10,244,141522
2026-04-11,139,118284
2026-04-12,116,96377
2026-04-13,250,112099
2026-04-14,313,178675
2026-04-15,230,170162
2026-04-16,324,182814
2026-04-17,310,173900
2026-04-18,126,105372
2026-04-19,131,119636
2026-04-20,198,155119
2026-04-21,227,171556
2026-04-22,482,191394
2026-04-23,455,214966
2026-04-24,291,186067
2026-04-25,197,148214
2026-04-26,80,107812
2026-04-27,144,152094
2026-04-28,192,137957
2026-04-29,130,167483
2026-04-30,129,176732
2026-05-01,162,113729
2026-05-01,162,113729
2026-05-02,200,132098
2026-05-03,83,113438
2026-05-04,79,131891
2026-05-05,105,148873
2026-05-06,315,180578
2026-05-07,162,181028
2026-05-08,91,167527
2026-05-09,73,133316
2026-05-10,89,111740
2026-05-11,100,153737
2026-05-12,190,160779
2026-05-13,112,160831
2026-05-14,111,157615
2026-05-15,109,154400
2026-05-16,77,146332
2026-05-17,39,107365
2026-05-18,41,99944
2026-05-19,34,143055
2026-05-20,75,148781
2026-05-21,79,177762
2026-05-22,46,179505
2026-05-23,41,127762
2026-05-24,32,100767
2026-05-25,65,134886
2026-05-26,93,153836
2026-05-27,100,180240
2026-05-28,67,187280
2026-05-29,58,143525
2026-05-30,33,92808
